FIELD_SAMPLE_ID,LAB_ID,ANALYTICAL_METHOD,ANALYSIS_DATE,PARAMETER_CODE,RESULT_TYPE_CODE,LAB_RESULT,LAB_UNITS,LAB_DETECTION_LIMIT,LAB_MATRIX,LAB_SAMPLE_ID,ANALYSIS_TIME,LAB_QUALIFIER,DILUTION_FACTOR,PREP_METHOD,PREP_DATE,ANALYSIS_LOT_ID,SAMPLE_DELIVERY_GROUP,LAB_BLANK_SAMPLE_ID,UNCERTAINTY,PARAMETER_NAME,ANALYSIS_TYPE_CODE,FILTERED_FLAG,LEACHED_FLAG,LEACHATE_METHOD,LEACHATE_DATE,LEACHATE_TIME,SAMPLE_PREP_LOT_ID,LEACHATE_LOT_ID,PREP_TIME,METHOD_DETECTION_LIMIT,MINIMUM_DETECTABLE_ACTIVITY,SAMPLE_DATE,SAMPLE_PURPOSE,ORIGINAL_LAB_RESULT,SPIKE_ADDED,SPIKED_RESULT,SPIKE_RECOVERY,RPD,RPD_LIMIT,UPPER_LIMIT,LOWER_LIMIT,LAB_RECEIPT_DATE,HARD_COPY_DUE_DATE,RUSH_TAT,LAB_REPORT_DATE,BASIS,PERCENT_MOISTURE,CHAIN_OF_CUSTODY_NO,,,,,,,,
SANI-26-377380,HEAL,EPA:300.0,10/13/2025,Br(-1),TRG,0.05,mg/L,0.1,W,885-35179-13,16:30,U,1,,,885-36482,885-35179-1,MB 885-36482/4,,Bromide,INIT,N,N,,,,885-36482,,,0.05,,10/6/2025,REG,,,,,,,,,10/9/2025,10/14/2025,N,10/16/2025,W,100,2734-08OCT25-LMW08,,,,,,,,
SANI-26-377380,HEAL,EPA:300.0,10/13/2025,Cl(-1),TRG,3.8,mg/L,0.5,W,885-35179-13,16:30,,1,,,885-36482,885-35179-1,MB 885-36482/4,,Chloride,INIT,N,N,,,,885-36482,,,0.25,,10/6/2025,REG,,,,,,,,,10/9/2025,10/14/2025,N,10/16/2025,W,100,2734-08OCT25-LMW08,,,,,,,,
SANI-26-377380,HEAL,EPA:300.0,10/13/2025,F(-1),TRG,0.18,mg/L,0.1,W,885-35179-13,16:30,,1,,,885-36482,885-35179-1,MB 885-36482/4,,Fluoride,INIT,N,N,,,,885-36482,,,0.046,,10/6/2025,REG,,,,,,,,,10/9/2025,10/14/2025,N,10/16/2025,W,100,2734-08OCT25-LMW08,,,,,,,,
SANI-26-377380,HEAL,EPA:300.0,10/13/2025,SO4(-2),TRG,5,mg/L,0.5,W,885-35179-13,16:30,,1,,,885-36482,885-35179-1,MB 885-36482/4,,Sulfate,INIT,N,N,,,,885-36482,,,0.39,,10/6/2025,REG,,,,,,,,,10/9/2025,10/14/2025,N,10/16/2025,W,100,2734-08OCT25-LMW08,,,,,,,,
SANI-26-377380,HEAL,SM:A2320B,10/13/2025,ALK,TRG,61,mg/L,20,W,885-35179-13,18:19,,1,,,885-36643,885-35179-1,MB 885-36643/24,,Alkalinity,INIT,N,N,,,,885-36643,,,20,,10/6/2025,REG,,,,,,,,,10/9/2025,10/14/2025,N,10/16/2025,W,100,2734-08OCT25-LMW08,,,,,,,,
SANI-26-377380,HEAL,SM:A2320B,10/13/2025,HCO3(-1),TRG,61,mg/L,20,W,885-35179-13,18:19,,1,,,885-36643,885-35179-1,MB 885-36643/24,,Bicarbonate,INIT,N,N,,,,885-36643,,,20,,10/6/2025,REG,,,,,,,,,10/9/2025,10/14/2025,N,10/16/2025,W,100,2734-08OCT25-LMW08,,,,,,,,
SANI-26-377380,HEAL,SM:A2320B,10/13/2025,CO3(-2),TRG,2,mg/L,2,W,885-35179-13,18:19,U,1,,,885-36643,885-35179-1,MB 885-36643/24,,Carbonate,INIT,N,N,,,,885-36643,,,2,,10/6/2025,REG,,,,,,,,,10/9/2025,10/14/2025,N,10/16/2025,W,100,2734-08OCT25-LMW08,,,,,,,,
SANI-26-377380,HEAL,SM:A2540C,10/10/2025,TDS,TRG,150,mg/L,50,W,885-35179-13,9:34,,1,,,885-36454,885-35179-1,MB 885-36454/1,,Total Dissolved Solids,INIT,N,N,,,,885-36454,,,25,,10/6/2025,REG,,,,,,,,,10/9/2025,10/14/2025,N,10/16/2025,W,100,2734-08OCT25-LMW08,,,,,,,,
SANI-26-377370,HEAL,EPA:300.0,10/13/2025,Br(-1),TRG,0.05,mg/L,0.1,W,885-35179-3,13:40,U,1,,,885-36482,885-35179-1,MB 885-36482/4,,Bromide,INIT,N,N,,,,885-36482,,,0.05,,10/3/2025,REG,,,,,,,,,10/9/2025,10/14/2025,N,10/16/2025,W,100,2734-08OCT25-LMW08,,,,,,,,
SANI-26-377370,HEAL,EPA:300.0,10/13/2025,Cl(-1),TRG,4.6,mg/L,0.5,W,885-35179-3,13:40,,1,,,885-36482,885-35179-1,MB 885-36482/4,,Chloride,INIT,N,N,,,,885-36482,,,0.25,,10/3/2025,REG,,,,,,,,,10/9/2025,10/14/2025,N,10/16/2025,W,100,2734-08OCT25-LMW08,,,,,,,,
SANI-26-377370,HEAL,EPA:300.0,10/13/2025,F(-1),TRG,0.17,mg/L,0.1,W,885-35179-3,13:40,,1,,,885-36482,885-35179-1,MB 885-36482/4,,Fluoride,INIT,N,N,,,,885-36482,,,0.046,,10/3/2025,REG,,,,,,,,,10/9/2025,10/14/2025,N,10/16/2025,W,100,2734-08OCT25-LMW08,,,,,,,,
SANI-26-377370,HEAL,EPA:300.0,10/13/2025,SO4(-2),TRG,6.5,mg/L,0.5,W,885-35179-3,13:40,,1,,,885-36482,885-35179-1,MB 885-36482/4,,Sulfate,INIT,N,N,,,,885-36482,,,0.39,,10/3/2025,REG,,,,,,,,,10/9/2025,10/14/2025,N,10/16/2025,W,100,2734-08OCT25-LMW08,,,,,,,,
SANI-26-377370,HEAL,SM:A2320B,10/13/2025,ALK,TRG,61,mg/L,20,W,885-35179-3,17:14,,1,,,885-36643,885-35179-1,MB 885-36643/2,,Alkalinity,INIT,N,N,,,,885-36643,,,20,,10/3/2025,REG,,,,,,,,,10/9/2025,10/14/2025,N,10/16/2025,W,100,2734-08OCT25-LMW08,,,,,,,,
SANI-26-377370,HEAL,SM:A2320B,10/13/2025,HCO3(-1),TRG,61,mg/L,20,W,885-35179-3,17:14,,1,,,885-36643,885-35179-1,MB 885-36643/2,,Bicarbonate,INIT,N,N,,,,885-36643,,,20,,10/3/2025,REG,,,,,,,,,10/9/2025,10/14/2025,N,10/16/2025,W,100,2734-08OCT25-LMW08,,,,,,,,
SANI-26-377370,HEAL,SM:A2320B,10/13/2025,CO3(-2),TRG,2,mg/L,2,W,885-35179-3,17:14,U,1,,,885-36643,885-35179-1,MB 885-36643/2,,Carbonate,INIT,N,N,,,,885-36643,,,2,,10/3/2025,REG,,,,,,,,,10/9/2025,10/14/2025,N,10/16/2025,W,100,2734-08OCT25-LMW08,,,,,,,,
SANI-26-377370,HEAL,SM:A2540C,10/10/2025,TDS,TRG,150,mg/L,50,W,885-35179-3,9:34,,1,,,885-36454,885-35179-1,MB 885-36454/1,,Total Dissolved Solids,INIT,N,N,,,,885-36454,,,25,,10/3/2025,REG,,,,,,,,,10/9/2025,10/14/2025,N,10/16/2025,W,100,2734-08OCT25-LMW08,,,,,,,,
SANI-26-377374,HEAL,EPA:300.0,10/13/2025,Br(-1),TRG,0.05,mg/L,0.1,W,885-35179-7,14:37,U,1,,,885-36482,885-35179-1,MB 885-36482/4,,Bromide,INIT,N,N,,,,885-36482,,,0.05,,10/5/2025,REG,,,,,,,,,10/9/2025,10/14/2025,N,10/16/2025,W,100,2734-08OCT25-LMW08,,,,,,,,
SANI-26-377374,HEAL,EPA:300.0,10/13/2025,Cl(-1),TRG,4.3,mg/L,0.5,W,885-35179-7,14:37,,1,,,885-36482,885-35179-1,MB 885-36482/4,,Chloride,INIT,N,N,,,,885-36482,,,0.25,,10/5/2025,REG,,,,,,,,,10/9/2025,10/14/2025,N,10/16/2025,W,100,2734-08OCT25-LMW08,,,,,,,,
SANI-26-377374,HEAL,EPA:300.0,10/13/2025,F(-1),TRG,0.16,mg/L,0.1,W,885-35179-7,14:37,,1,,,885-36482,885-35179-1,MB 885-36482/4,,Fluoride,INIT,N,N,,,,885-36482,,,0.046,,10/5/2025,REG,,,,,,,,,10/9/2025,10/14/2025,N,10/16/2025,W,100,2734-08OCT25-LMW08,,,,,,,,
SANI-26-377374,HEAL,EPA:300.0,10/13/2025,SO4(-2),TRG,5.9,mg/L,0.5,W,885-35179-7,14:37,,1,,,885-36482,885-35179-1,MB 885-36482/4,,Sulfate,INIT,N,N,,,,885-36482,,,0.39,,10/5/2025,REG,,,,,,,,,10/9/2025,10/14/2025,N,10/16/2025,W,100,2734-08OCT25-LMW08,,,,,,,,
SANI-26-377374,HEAL,SM:A2320B,10/13/2025,ALK,TRG,59,mg/L,20,W,885-35179-7,17:57,,1,,,885-36643,885-35179-1,MB 885-36643/24,,Alkalinity,INIT,N,N,,,,885-36643,,,20,,10/5/2025,REG,,,,,,,,,10/9/2025,10/14/2025,N,10/16/2025,W,100,2734-08OCT25-LMW08,,,,,,,,
SANI-26-377374,HEAL,SM:A2320B,10/13/2025,HCO3(-1),TRG,59,mg/L,20,W,885-35179-7,17:57,,1,,,885-36643,885-35179-1,MB 885-36643/24,,Bicarbonate,INIT,N,N,,,,885-36643,,,20,,10/5/2025,REG,,,,,,,,,10/9/2025,10/14/2025,N,10/16/2025,W,100,2734-08OCT25-LMW08,,,,,,,,
SANI-26-377374,HEAL,SM:A2320B,10/13/2025,CO3(-2),TRG,2,mg/L,2,W,885-35179-7,17:57,U,1,,,885-36643,885-35179-1,MB 885-36643/24,,Carbonate,INIT,N,N,,,,885-36643,,,2,,10/5/2025,REG,,,,,,,,,10/9/2025,10/14/2025,N,10/16/2025,W,100,2734-08OCT25-LMW08,,,,,,,,
SANI-26-377374,HEAL,SM:A2540C,10/10/2025,TDS,TRG,160,mg/L,50,W,885-35179-7,9:34,,1,,,885-36454,885-35179-1,MB 885-36454/1,,Total Dissolved Solids,INIT,N,N,,,,885-36454,,,25,,10/5/2025,REG,,,,,,,,,10/9/2025,10/14/2025,N,10/16/2025,W,100,2734-08OCT25-LMW08,,,,,,,,
SANI-26-377370,GELC,SW-846:6010D,10/10/2025,AL,TRG,68,ug/L,200,W,747002002,21:38,U,1,SW-846:3005A,10/10/2025,2878016,747002,1206262711,,Aluminum,INIT,N,N,,,,2878014,,7:45,68,,,10/3/2025,REG,23.8,ug/L,68,,,,,,,,10/9/2025,10/14/2025,Y,10/14/2025,N,100,,,,,2733-08OCT25-LMW08,"(D)202+201(B)+210(Al)+211(Be, Li, Se, U)"
SANI-26-377370,GELC,SW-846:6020B,10/14/2025,AL,TRG,19.3,ug/L,50,W,747002002,13:30,U,1,SW-846:3005A,10/10/2025,2878013,747002,1206262705,,Aluminum,INIT,N,N,,,,2878010,,8:05,19.3,,,10/3/2025,REG,10.9,ug/L,19.3,,,,,,,,10/9/2025,10/14/2025,Y,10/14/2025,N,100,,,,,2733-08OCT25-LMW08,"(D)202+201(B)+210(Al)+211(Be, Li, Se, U)"
SANI-26-377370,GELC,SW-846:6010D,10/10/2025,SB,TRG,3.5,ug/L,20,W,747002002,21:38,U,1,SW-846:3005A,10/10/2025,2878016,747002,1206262711,,Antimony,INIT,N,N,,,,2878014,,7:45,3.5,,,10/3/2025,REG,0.873,ug/L,3.5,,,,,,,,10/9/2025,10/14/2025,Y,10/14/2025,N,100,,,,,2733-08OCT25-LMW08,"(D)202+201(B)+210(Al)+211(Be, Li, Se, U)"
SANI-26-377370,GELC,SW-846:6010D,10/10/2025,AS,TRG,5,ug/L,30,W,747002002,21:38,U,1,SW-846:3005A,10/10/2025,2878016,747002,1206262711,,Arsenic,INIT,N,N,,,,2878014,,7:45,5,,,10/3/2025,REG,0.178,ug/L,5,,,,,,,,10/9/2025,10/14/2025,Y,10/14/2025,N,100,,,,,2733-08OCT25-LMW08,"(D)202+201(B)+210(Al)+211(Be, Li, Se, U)"
SANI-26-377370,GELC,SW-846:6010D,10/10/2025,BA,TRG,28.6,ug/L,5,W,747002002,21:38,,1,SW-846:3005A,10/10/2025,2878016,747002,1206262711,,Barium,INIT,N,N,,,,2878014,,7:45,1,,,10/3/2025,REG,28.6,ug/L,28.6,,,,,,,,10/9/2025,10/14/2025,Y,10/14/2025,N,100,,,,,2733-08OCT25-LMW08,"(D)202+201(B)+210(Al)+211(Be, Li, Se, U)"
SANI-26-377370,GELC,SW-846:6010D,10/10/2025,BE,TRG,1,ug/L,5,W,747002002,21:38,UN,1,SW-846:3005A,10/10/2025,2878016,747002,1206262711,,Beryllium,INIT,N,N,,,,2878014,,7:45,1,,,10/3/2025,REG,-0.0031,ug/L,1,,,,,,,,10/9/2025,10/14/2025,Y,10/14/2025,N,100,,,,,2733-08OCT25-LMW08,"(D)202+201(B)+210(Al)+211(Be, Li, Se, U)"
SANI-26-377370,GELC,SW-846:6020B,10/14/2025,BE,TRG,0.2,ug/L,0.5,W,747002002,15:04,UN,1,SW-846:3005A,10/10/2025,2878013,747002,1206262705,,Beryllium,INIT,N,N,,,,2878010,,8:05,0.2,,,10/3/2025,REG,0.003,ug/L,0.2,,,,,,,,10/9/2025,10/14/2025,Y,10/14/2025,N,100,,,,,2733-08OCT25-LMW08,"(D)202+201(B)+210(Al)+211(Be, Li, Se, U)"
SANI-26-377370,GELC,SW-846:6010D,10/10/2025,B,TRG,17.5,ug/L,50,W,747002002,21:38,J,1,SW-846:3005A,10/10/2025,2878016,747002,1206262711,,Boron,INIT,N,N,,,,2878014,,7:45,15,,,10/3/2025,REG,17.5,ug/L,17.5,,,,,,,,10/9/2025,10/14/2025,Y,10/14/2025,N,100,,,,,2733-08OCT25-LMW08,"(D)202+201(B)+210(Al)+211(Be, Li, Se, U)"
SANI-26-377370,GELC,SW-846:6010D,10/10/2025,CD,TRG,1,ug/L,5,W,747002002,21:38,U,1,SW-846:3005A,10/10/2025,2878016,747002,1206262711,,Cadmium,INIT,N,N,,,,2878014,,7:45,1,,,10/3/2025,REG,0.138,ug/L,1,,,,,,,,10/9/2025,10/14/2025,Y,10/14/2025,N,100,,,,,2733-08OCT25-LMW08,"(D)202+201(B)+210(Al)+211(Be, Li, Se, U)"
SANI-26-377370,GELC,SW-846:6010D,10/10/2025,CA,TRG,13500,ug/L,200,W,747002002,21:38,,1,SW-846:3005A,10/10/2025,2878016,747002,1206262711,,Calcium,INIT,N,N,,,,2878014,,7:45,50,,,10/3/2025,REG,13500,ug/L,13500,,,,,,,,10/9/2025,10/14/2025,Y,10/14/2025,N,100,,,,,2733-08OCT25-LMW08,"(D)202+201(B)+210(Al)+211(Be, Li, Se, U)"
SANI-26-377370,GELC,SW-846:6010D,10/10/2025,CR,TRG,59.2,ug/L,10,W,747002002,21:38,,1,SW-846:3005A,10/10/2025,2878016,747002,1206262711,,Chromium,INIT,N,N,,,,2878014,,7:45,1,,,10/3/2025,REG,59.2,ug/L,59.2,,,,,,,,10/9/2025,10/14/2025,Y,10/14/2025,N,100,,,,,2733-08OCT25-LMW08,"(D)202+201(B)+210(Al)+211(Be, Li, Se, U)"
SANI-26-377370,GELC,SW-846:6010D,10/10/2025,CO,TRG,1,ug/L,5,W,747002002,21:38,U,1,SW-846:3005A,10/10/2025,2878016,747002,1206262711,,Cobalt,INIT,N,N,,,,2878014,,7:45,1,,,10/3/2025,REG,0.284,ug/L,1,,,,,,,,10/9/2025,10/14/2025,Y,10/14/2025,N,100,,,,,2733-08OCT25-LMW08,"(D)202+201(B)+210(Al)+211(Be, Li, Se, U)"
SANI-26-377370,GELC,SW-846:6010D,10/10/2025,CU,TRG,3,ug/L,20,W,747002002,21:38,U,1,SW-846:3005A,10/10/2025,2878016,747002,1206262711,,Copper,INIT,N,N,,,,2878014,,7:45,3,,,10/3/2025,REG,0.789,ug/L,3,,,,,,,,10/9/2025,10/14/2025,Y,10/14/2025,N,100,,,,,2733-08OCT25-LMW08,"(D)202+201(B)+210(Al)+211(Be, Li, Se, U)"
SANI-26-377370,GELC,SW-846:6010D,10/10/2025,FE,TRG,80.9,ug/L,100,W,747002002,21:38,J,1,SW-846:3005A,10/10/2025,2878016,747002,1206262711,,Iron,INIT,N,N,,,,2878014,,7:45,30,,,10/3/2025,REG,80.9,ug/L,80.9,,,,,,,,10/9/2025,10/14/2025,Y,10/14/2025,N,100,,,,,2733-08OCT25-LMW08,"(D)202+201(B)+210(Al)+211(Be, Li, Se, U)"
SANI-26-377370,GELC,SW-846:6010D,10/10/2025,PB,TRG,3.3,ug/L,20,W,747002002,21:38,U,1,SW-846:3005A,10/10/2025,2878016,747002,1206262711,,Lead,INIT,N,N,,,,2878014,,7:45,3.3,,,10/3/2025,REG,0.506,ug/L,3.3,,,,,,,,10/9/2025,10/14/2025,Y,10/14/2025,N,100,,,,,2733-08OCT25-LMW08,"(D)202+201(B)+210(Al)+211(Be, Li, Se, U)"
SANI-26-377370,GELC,SW-846:6020B,10/14/2025,LI,TRG,30.1,ug/L,10,W,747002002,13:30,N,1,SW-846:3005A,10/10/2025,2878013,747002,1206262705,,Lithium,INIT,N,N,,,,2878010,,8:05,3,,,10/3/2025,REG,30.1,ug/L,30.1,,,,,,,,10/9/2025,10/14/2025,Y,10/14/2025,N,100,,,,,2733-08OCT25-LMW08,"(D)202+201(B)+210(Al)+211(Be, Li, Se, U)"
SANI-26-377370,GELC,SW-846:6010D,10/10/2025,MG,TRG,4060,ug/L,300,W,747002002,21:38,,1,SW-846:3005A,10/10/2025,2878016,747002,1206262711,,Magnesium,INIT,N,N,,,,2878014,,7:45,110,,,10/3/2025,REG,4060,ug/L,4060,,,,,,,,10/9/2025,10/14/2025,Y,10/14/2025,N,100,,,,,2733-08OCT25-LMW08,"(D)202+201(B)+210(Al)+211(Be, Li, Se, U)"
SANI-26-377370,GELC,SW-846:6010D,10/10/2025,MN,TRG,67.6,ug/L,10,W,747002002,21:38,,1,SW-846:3005A,10/10/2025,2878016,747002,1206262711,,Manganese,INIT,N,N,,,,2878014,,7:45,2,,,10/3/2025,REG,67.6,ug/L,67.6,,,,,,,,10/9/2025,10/14/2025,Y,10/14/2025,N,100,,,,,2733-08OCT25-LMW08,"(D)202+201(B)+210(Al)+211(Be, Li, Se, U)"
SANI-26-377370,GELC,SW-846:7470A,10/13/2025,HG,TRG,0.067,ug/L,0.2,W,747002002,11:06,U,1,SW-846:7470A Prep,10/10/2025,2878181,747002,1206263011,,Mercury,INIT,N,N,,,,2878179,,12:05,0.067,,,10/3/2025,REG,-0.002,ug/L,0.067,,,,,,,,10/9/2025,10/14/2025,Y,10/14/2025,N,100,,,,,2733-08OCT25-LMW08,"(D)202+201(B)+210(Al)+211(Be, Li, Se, U)"
SANI-26-377370,GELC,SW-846:6010D,10/10/2025,NI,TRG,1.5,ug/L,5,W,747002002,21:38,U,1,SW-846:3005A,10/10/2025,2878016,747002,1206262711,,Nickel,INIT,N,N,,,,2878014,,7:45,1.5,,,10/3/2025,REG,0.792,ug/L,1.5,,,,,,,,10/9/2025,10/14/2025,Y,10/14/2025,N,100,,,,,2733-08OCT25-LMW08,"(D)202+201(B)+210(Al)+211(Be, Li, Se, U)"
SANI-26-377370,GELC,SW-846:6010D,10/10/2025,K,TRG,2310,ug/L,250,W,747002002,21:38,,1,SW-846:3005A,10/10/2025,2878016,747002,1206262711,,Potassium,INIT,N,N,,,,2878014,,7:45,50,,,10/3/2025,REG,2310,ug/L,2310,,,,,,,,10/9/2025,10/14/2025,Y,10/14/2025,N,100,,,,,2733-08OCT25-LMW08,"(D)202+201(B)+210(Al)+211(Be, Li, Se, U)"
SANI-26-377370,GELC,SW-846:6020B,10/14/2025,SE,TRG,1.5,ug/L,5,W,747002002,13:30,U,1,SW-846:3005A,10/10/2025,2878013,747002,1206262705,,Selenium,INIT,N,N,,,,2878010,,8:05,1.5,,,10/3/2025,REG,0.182,ug/L,1.5,,,,,,,,10/9/2025,10/14/2025,Y,10/14/2025,N,100,,,,,2733-08OCT25-LMW08,"(D)202+201(B)+210(Al)+211(Be, Li, Se, U)"
SANI-26-377370,GELC,SW-846:6010D,10/10/2025,SE,TRG,6,ug/L,30,W,747002002,21:38,U,1,SW-846:3005A,10/10/2025,2878016,747002,1206262711,,Selenium,INIT,N,N,,,,2878014,,7:45,6,,,10/3/2025,REG,-3.68,ug/L,6,,,,,,,,10/9/2025,10/14/2025,Y,10/14/2025,N,100,,,,,2733-08OCT25-LMW08,"(D)202+201(B)+210(Al)+211(Be, Li, Se, U)"
SANI-26-377370,GELC,SW-846:6010D,10/10/2025,AG,TRG,1,ug/L,5,W,747002002,21:38,U,1,SW-846:3005A,10/10/2025,2878016,747002,1206262711,,Silver,INIT,N,N,,,,2878014,,7:45,1,,,10/3/2025,REG,-0.375,ug/L,1,,,,,,,,10/9/2025,10/14/2025,Y,10/14/2025,N,100,,,,,2733-08OCT25-LMW08,"(D)202+201(B)+210(Al)+211(Be, Li, Se, U)"
SANI-26-377370,GELC,SW-846:6010D,10/10/2025,NA,TRG,11800,ug/L,300,W,747002002,21:38,,1,SW-846:3005A,10/10/2025,2878016,747002,1206262711,,Sodium,INIT,N,N,,,,2878014,,7:45,100,,,10/3/2025,REG,11800,ug/L,11800,,,,,,,,10/9/2025,10/14/2025,Y,10/14/2025,N,100,,,,,2733-08OCT25-LMW08,"(D)202+201(B)+210(Al)+211(Be, Li, Se, U)"
SANI-26-377370,GELC,SW-846:6010D,10/10/2025,TL,TRG,5,ug/L,20,W,747002002,21:38,U,1,SW-846:3005A,10/10/2025,2878016,747002,1206262711,,Thallium,INIT,N,N,,,,2878014,,7:45,5,,,10/3/2025,REG,0.867,ug/L,5,,,,,,,,10/9/2025,10/14/2025,Y,10/14/2025,N,100,,,,,2733-08OCT25-LMW08,"(D)202+201(B)+210(Al)+211(Be, Li, Se, U)"
SANI-26-377370,GELC,SW-846:6020B,10/14/2025,U,TRG,0.665,ug/L,0.2,W,747002002,13:30,,1,SW-846:3005A,10/10/2025,2878013,747002,1206262705,,Uranium,INIT,N,N,,,,2878010,,8:05,0.067,,,10/3/2025,REG,0.665,ug/L,0.665,,,,,,,,10/9/2025,10/14/2025,Y,10/14/2025,N,100,,,,,2733-08OCT25-LMW08,"(D)202+201(B)+210(Al)+211(Be, Li, Se, U)"
SANI-26-377370,GELC,SW-846:6010D,10/10/2025,V,TRG,5.25,ug/L,5,W,747002002,21:38,,1,SW-846:3005A,10/10/2025,2878016,747002,1206262711,,Vanadium,INIT,N,N,,,,2878014,,7:45,1,,,10/3/2025,REG,5.25,ug/L,5.25,,,,,,,,10/9/2025,10/14/2025,Y,10/14/2025,N,100,,,,,2733-08OCT25-LMW08,"(D)202+201(B)+210(Al)+211(Be, Li, Se, U)"
SANI-26-377370,GELC,SW-846:6010D,10/10/2025,ZN,TRG,5.83,ug/L,20,W,747002002,21:38,J,1,SW-846:3005A,10/10/2025,2878016,747002,1206262711,,Zinc,INIT,N,N,,,,2878014,,7:45,3.3,,,10/3/2025,REG,5.83,ug/L,5.83,,,,,,,,10/9/2025,10/14/2025,Y,10/14/2025,N,100,,,,,2733-08OCT25-LMW08,"(D)202+201(B)+210(Al)+211(Be, Li, Se, U)"
SANI-26-377374,GELC,SW-846:6010D,10/10/2025,AL,TRG,113,ug/L,200,W,747002004,21:43,J,1,SW-846:3005A,10/10/2025,2878016,747002,1206262711,,Aluminum,INIT,N,N,,,,2878014,,7:45,68,,,10/5/2025,REG,113,ug/L,113,,,,,,,,10/9/2025,10/14/2025,Y,10/14/2025,N,100,,,,,2733-08OCT25-LMW08,"(D)202+201(B)+210(Al)+211(Be, Li, Se, U)"
SANI-26-377374,GELC,SW-846:6020B,10/14/2025,AL,TRG,96.6,ug/L,50,W,747002004,13:41,,1,SW-846:3005A,10/10/2025,2878013,747002,1206262705,,Aluminum,INIT,N,N,,,,2878010,,8:05,19.3,,,10/5/2025,REG,96.6,ug/L,96.6,,,,,,,,10/9/2025,10/14/2025,Y,10/14/2025,N,100,,,,,2733-08OCT25-LMW08,"(D)202+201(B)+210(Al)+211(Be, Li, Se, U)"
SANI-26-377374,GELC,SW-846:6010D,10/10/2025,SB,TRG,3.5,ug/L,20,W,747002004,21:43,U,1,SW-846:3005A,10/10/2025,2878016,747002,1206262711,,Antimony,INIT,N,N,,,,2878014,,7:45,3.5,,,10/5/2025,REG,-0.619,ug/L,3.5,,,,,,,,10/9/2025,10/14/2025,Y,10/14/2025,N,100,,,,,2733-08OCT25-LMW08,"(D)202+201(B)+210(Al)+211(Be, Li, Se, U)"
SANI-26-377374,GELC,SW-846:6010D,10/10/2025,AS,TRG,5,ug/L,30,W,747002004,21:43,U,1,SW-846:3005A,10/10/2025,2878016,747002,1206262711,,Arsenic,INIT,N,N,,,,2878014,,7:45,5,,,10/5/2025,REG,-0.3,ug/L,5,,,,,,,,10/9/2025,10/14/2025,Y,10/14/2025,N,100,,,,,2733-08OCT25-LMW08,"(D)202+201(B)+210(Al)+211(Be, Li, Se, U)"
SANI-26-377374,GELC,SW-846:6010D,10/10/2025,BA,TRG,29.5,ug/L,5,W,747002004,21:43,,1,SW-846:3005A,10/10/2025,2878016,747002,1206262711,,Barium,INIT,N,N,,,,2878014,,7:45,1,,,10/5/2025,REG,29.5,ug/L,29.5,,,,,,,,10/9/2025,10/14/2025,Y,10/14/2025,N,100,,,,,2733-08OCT25-LMW08,"(D)202+201(B)+210(Al)+211(Be, Li, Se, U)"
SANI-26-377374,GELC,SW-846:6020B,10/14/2025,BE,TRG,0.2,ug/L,0.5,W,747002004,15:09,UN,1,SW-846:3005A,10/10/2025,2878013,747002,1206262705,,Beryllium,INIT,N,N,,,,2878010,,8:05,0.2,,,10/5/2025,REG,-0.012,ug/L,0.2,,,,,,,,10/9/2025,10/14/2025,Y,10/14/2025,N,100,,,,,2733-08OCT25-LMW08,"(D)202+201(B)+210(Al)+211(Be, Li, Se, U)"
SANI-26-377374,GELC,SW-846:6010D,10/10/2025,BE,TRG,1,ug/L,5,W,747002004,21:43,UN,1,SW-846:3005A,10/10/2025,2878016,747002,1206262711,,Beryllium,INIT,N,N,,,,2878014,,7:45,1,,,10/5/2025,REG,-0.0342,ug/L,1,,,,,,,,10/9/2025,10/14/2025,Y,10/14/2025,N,100,,,,,2733-08OCT25-LMW08,"(D)202+201(B)+210(Al)+211(Be, Li, Se, U)"
SANI-26-377374,GELC,SW-846:6010D,10/10/2025,B,TRG,15,ug/L,50,W,747002004,21:43,U,1,SW-846:3005A,10/10/2025,2878016,747002,1206262711,,Boron,INIT,N,N,,,,2878014,,7:45,15,,,10/5/2025,REG,14.4,ug/L,15,,,,,,,,10/9/2025,10/14/2025,Y,10/14/2025,N,100,,,,,2733-08OCT25-LMW08,"(D)202+201(B)+210(Al)+211(Be, Li, Se, U)"
SANI-26-377374,GELC,SW-846:6010D,10/10/2025,CD,TRG,1,ug/L,5,W,747002004,21:43,U,1,SW-846:3005A,10/10/2025,2878016,747002,1206262711,,Cadmium,INIT,N,N,,,,2878014,,7:45,1,,,10/5/2025,REG,0.161,ug/L,1,,,,,,,,10/9/2025,10/14/2025,Y,10/14/2025,N,100,,,,,2733-08OCT25-LMW08,"(D)202+201(B)+210(Al)+211(Be, Li, Se, U)"
SANI-26-377374,GELC,SW-846:6010D,10/10/2025,CA,TRG,12800,ug/L,200,W,747002004,21:43,,1,SW-846:3005A,10/10/2025,2878016,747002,1206262711,,Calcium,INIT,N,N,,,,2878014,,7:45,50,,,10/5/2025,REG,12800,ug/L,12800,,,,,,,,10/9/2025,10/14/2025,Y,10/14/2025,N,100,,,,,2733-08OCT25-LMW08,"(D)202+201(B)+210(Al)+211(Be, Li, Se, U)"
SANI-26-377374,GELC,SW-846:6010D,10/10/2025,CR,TRG,50.8,ug/L,10,W,747002004,21:43,,1,SW-846:3005A,10/10/2025,2878016,747002,1206262711,,Chromium,INIT,N,N,,,,2878014,,7:45,1,,,10/5/2025,REG,50.8,ug/L,50.8,,,,,,,,10/9/2025,10/14/2025,Y,10/14/2025,N,100,,,,,2733-08OCT25-LMW08,"(D)202+201(B)+210(Al)+211(Be, Li, Se, U)"
SANI-26-377374,GELC,SW-846:6010D,10/10/2025,CO,TRG,1,ug/L,5,W,747002004,21:43,U,1,SW-846:3005A,10/10/2025,2878016,747002,1206262711,,Cobalt,INIT,N,N,,,,2878014,,7:45,1,,,10/5/2025,REG,0.0533,ug/L,1,,,,,,,,10/9/2025,10/14/2025,Y,10/14/2025,N,100,,,,,2733-08OCT25-LMW08,"(D)202+201(B)+210(Al)+211(Be, Li, Se, U)"
SANI-26-377374,GELC,SW-846:6010D,10/10/2025,CU,TRG,3,ug/L,20,W,747002004,21:43,U,1,SW-846:3005A,10/10/2025,2878016,747002,1206262711,,Copper,INIT,N,N,,,,2878014,,7:45,3,,,10/5/2025,REG,0.894,ug/L,3,,,,,,,,10/9/2025,10/14/2025,Y,10/14/2025,N,100,,,,,2733-08OCT25-LMW08,"(D)202+201(B)+210(Al)+211(Be, Li, Se, U)"
SANI-26-377374,GELC,SW-846:6010D,10/10/2025,FE,TRG,352,ug/L,100,W,747002004,21:43,,1,SW-846:3005A,10/10/2025,2878016,747002,1206262711,,Iron,INIT,N,N,,,,2878014,,7:45,30,,,10/5/2025,REG,352,ug/L,352,,,,,,,,10/9/2025,10/14/2025,Y,10/14/2025,N,100,,,,,2733-08OCT25-LMW08,"(D)202+201(B)+210(Al)+211(Be, Li, Se, U)"
SANI-26-377374,GELC,SW-846:6010D,10/10/2025,PB,TRG,3.3,ug/L,20,W,747002004,21:43,U,1,SW-846:3005A,10/10/2025,2878016,747002,1206262711,,Lead,INIT,N,N,,,,2878014,,7:45,3.3,,,10/5/2025,REG,-0.508,ug/L,3.3,,,,,,,,10/9/2025,10/14/2025,Y,10/14/2025,N,100,,,,,2733-08OCT25-LMW08,"(D)202+201(B)+210(Al)+211(Be, Li, Se, U)"
SANI-26-377374,GELC,SW-846:6020B,10/14/2025,LI,TRG,28.5,ug/L,10,W,747002004,13:41,N,1,SW-846:3005A,10/10/2025,2878013,747002,1206262705,,Lithium,INIT,N,N,,,,2878010,,8:05,3,,,10/5/2025,REG,28.5,ug/L,28.5,,,,,,,,10/9/2025,10/14/2025,Y,10/14/2025,N,100,,,,,2733-08OCT25-LMW08,"(D)202+201(B)+210(Al)+211(Be, Li, Se, U)"
SANI-26-377374,GELC,SW-846:6010D,10/10/2025,MG,TRG,3910,ug/L,300,W,747002004,21:43,,1,SW-846:3005A,10/10/2025,2878016,747002,1206262711,,Magnesium,INIT,N,N,,,,2878014,,7:45,110,,,10/5/2025,REG,3910,ug/L,3910,,,,,,,,10/9/2025,10/14/2025,Y,10/14/2025,N,100,,,,,2733-08OCT25-LMW08,"(D)202+201(B)+210(Al)+211(Be, Li, Se, U)"
SANI-26-377374,GELC,SW-846:6010D,10/10/2025,MN,TRG,58.4,ug/L,10,W,747002004,21:43,,1,SW-846:3005A,10/10/2025,2878016,747002,1206262711,,Manganese,INIT,N,N,,,,2878014,,7:45,2,,,10/5/2025,REG,58.4,ug/L,58.4,,,,,,,,10/9/2025,10/14/2025,Y,10/14/2025,N,100,,,,,2733-08OCT25-LMW08,"(D)202+201(B)+210(Al)+211(Be, Li, Se, U)"
SANI-26-377374,GELC,SW-846:7470A,10/13/2025,HG,TRG,0.067,ug/L,0.2,W,747002004,11:09,U,1,SW-846:7470A Prep,10/10/2025,2878181,747002,1206263011,,Mercury,INIT,N,N,,,,2878179,,12:05,0.067,,,10/5/2025,REG,-0.018,ug/L,0.067,,,,,,,,10/9/2025,10/14/2025,Y,10/14/2025,N,100,,,,,2733-08OCT25-LMW08,"(D)202+201(B)+210(Al)+211(Be, Li, Se, U)"
SANI-26-377374,GELC,SW-846:6010D,10/10/2025,NI,TRG,1.5,ug/L,5,W,747002004,21:43,U,1,SW-846:3005A,10/10/2025,2878016,747002,1206262711,,Nickel,INIT,N,N,,,,2878014,,7:45,1.5,,,10/5/2025,REG,0.951,ug/L,1.5,,,,,,,,10/9/2025,10/14/2025,Y,10/14/2025,N,100,,,,,2733-08OCT25-LMW08,"(D)202+201(B)+210(Al)+211(Be, Li, Se, U)"
SANI-26-377374,GELC,SW-846:6010D,10/10/2025,K,TRG,2180,ug/L,250,W,747002004,21:43,,1,SW-846:3005A,10/10/2025,2878016,747002,1206262711,,Potassium,INIT,N,N,,,,2878014,,7:45,50,,,10/5/2025,REG,2180,ug/L,2180,,,,,,,,10/9/2025,10/14/2025,Y,10/14/2025,N,100,,,,,2733-08OCT25-LMW08,"(D)202+201(B)+210(Al)+211(Be, Li, Se, U)"
SANI-26-377374,GELC,SW-846:6020B,10/14/2025,SE,TRG,1.5,ug/L,5,W,747002004,13:41,U,1,SW-846:3005A,10/10/2025,2878013,747002,1206262705,,Selenium,INIT,N,N,,,,2878010,,8:05,1.5,,,10/5/2025,REG,0.396,ug/L,1.5,,,,,,,,10/9/2025,10/14/2025,Y,10/14/2025,N,100,,,,,2733-08OCT25-LMW08,"(D)202+201(B)+210(Al)+211(Be, Li, Se, U)"
SANI-26-377374,GELC,SW-846:6010D,10/10/2025,SE,TRG,6,ug/L,30,W,747002004,21:43,U,1,SW-846:3005A,10/10/2025,2878016,747002,1206262711,,Selenium,INIT,N,N,,,,2878014,,7:45,6,,,10/5/2025,REG,-7.73,ug/L,6,,,,,,,,10/9/2025,10/14/2025,Y,10/14/2025,N,100,,,,,2733-08OCT25-LMW08,"(D)202+201(B)+210(Al)+211(Be, Li, Se, U)"
SANI-26-377374,GELC,SW-846:6010D,10/10/2025,AG,TRG,1,ug/L,5,W,747002004,21:43,U,1,SW-846:3005A,10/10/2025,2878016,747002,1206262711,,Silver,INIT,N,N,,,,2878014,,7:45,1,,,10/5/2025,REG,0.337,ug/L,1,,,,,,,,10/9/2025,10/14/2025,Y,10/14/2025,N,100,,,,,2733-08OCT25-LMW08,"(D)202+201(B)+210(Al)+211(Be, Li, Se, U)"
SANI-26-377374,GELC,SW-846:6010D,10/10/2025,NA,TRG,11000,ug/L,300,W,747002004,21:43,,1,SW-846:3005A,10/10/2025,2878016,747002,1206262711,,Sodium,INIT,N,N,,,,2878014,,7:45,100,,,10/5/2025,REG,11000,ug/L,11000,,,,,,,,10/9/2025,10/14/2025,Y,10/14/2025,N,100,,,,,2733-08OCT25-LMW08,"(D)202+201(B)+210(Al)+211(Be, Li, Se, U)"
SANI-26-377374,GELC,SW-846:6010D,10/10/2025,TL,TRG,5,ug/L,20,W,747002004,21:43,U,1,SW-846:3005A,10/10/2025,2878016,747002,1206262711,,Thallium,INIT,N,N,,,,2878014,,7:45,5,,,10/5/2025,REG,0.664,ug/L,5,,,,,,,,10/9/2025,10/14/2025,Y,10/14/2025,N,100,,,,,2733-08OCT25-LMW08,"(D)202+201(B)+210(Al)+211(Be, Li, Se, U)"
SANI-26-377374,GELC,SW-846:6020B,10/14/2025,U,TRG,0.574,ug/L,0.2,W,747002004,13:41,,1,SW-846:3005A,10/10/2025,2878013,747002,1206262705,,Uranium,INIT,N,N,,,,2878010,,8:05,0.067,,,10/5/2025,REG,0.574,ug/L,0.574,,,,,,,,10/9/2025,10/14/2025,Y,10/14/2025,N,100,,,,,2733-08OCT25-LMW08,"(D)202+201(B)+210(Al)+211(Be, Li, Se, U)"
SANI-26-377374,GELC,SW-846:6010D,10/10/2025,V,TRG,5.46,ug/L,5,W,747002004,21:43,,1,SW-846:3005A,10/10/2025,2878016,747002,1206262711,,Vanadium,INIT,N,N,,,,2878014,,7:45,1,,,10/5/2025,REG,5.46,ug/L,5.46,,,,,,,,10/9/2025,10/14/2025,Y,10/14/2025,N,100,,,,,2733-08OCT25-LMW08,"(D)202+201(B)+210(Al)+211(Be, Li, Se, U)"
SANI-26-377374,GELC,SW-846:6010D,10/10/2025,ZN,TRG,4.74,ug/L,20,W,747002004,21:43,J,1,SW-846:3005A,10/10/2025,2878016,747002,1206262711,,Zinc,INIT,N,N,,,,2878014,,7:45,3.3,,,10/5/2025,REG,4.74,ug/L,4.74,,,,,,,,10/9/2025,10/14/2025,Y,10/14/2025,N,100,,,,,2733-08OCT25-LMW08,"(D)202+201(B)+210(Al)+211(Be, Li, Se, U)"
SANI-26-377380,GELC,SW-846:6020B,10/14/2025,AL,TRG,139,ug/L,50,W,747002007,13:50,,1,SW-846:3005A,10/10/2025,2878013,747002,1206262705,,Aluminum,INIT,N,N,,,,2878010,,8:05,19.3,,,10/6/2025,REG,139,ug/L,139,,,,,,,,10/9/2025,10/14/2025,Y,10/14/2025,N,100,,,,,2733-08OCT25-LMW08,"(D)202+201(B)+210(Al)+211(Be, Li, Se, U)"
SANI-26-377380,GELC,SW-846:6010D,10/10/2025,AL,TRG,153,ug/L,200,W,747002007,21:51,J,1,SW-846:3005A,10/10/2025,2878016,747002,1206262711,,Aluminum,INIT,N,N,,,,2878014,,7:45,68,,,10/6/2025,REG,153,ug/L,153,,,,,,,,10/9/2025,10/14/2025,Y,10/14/2025,N,100,,,,,2733-08OCT25-LMW08,"(D)202+201(B)+210(Al)+211(Be, Li, Se, U)"
SANI-26-377380,GELC,SW-846:6010D,10/10/2025,SB,TRG,3.5,ug/L,20,W,747002007,21:51,U,1,SW-846:3005A,10/10/2025,2878016,747002,1206262711,,Antimony,INIT,N,N,,,,2878014,,7:45,3.5,,,10/6/2025,REG,0.716,ug/L,3.5,,,,,,,,10/9/2025,10/14/2025,Y,10/14/2025,N,100,,,,,2733-08OCT25-LMW08,"(D)202+201(B)+210(Al)+211(Be, Li, Se, U)"
SANI-26-377380,GELC,SW-846:6010D,10/10/2025,AS,TRG,5,ug/L,30,W,747002007,21:51,U,1,SW-846:3005A,10/10/2025,2878016,747002,1206262711,,Arsenic,INIT,N,N,,,,2878014,,7:45,5,,,10/6/2025,REG,-0.267,ug/L,5,,,,,,,,10/9/2025,10/14/2025,Y,10/14/2025,N,100,,,,,2733-08OCT25-LMW08,"(D)202+201(B)+210(Al)+211(Be, Li, Se, U)"
SANI-26-377380,GELC,SW-846:6010D,10/10/2025,BA,TRG,29.1,ug/L,5,W,747002007,21:51,,1,SW-846:3005A,10/10/2025,2878016,747002,1206262711,,Barium,INIT,N,N,,,,2878014,,7:45,1,,,10/6/2025,REG,29.1,ug/L,29.1,,,,,,,,10/9/2025,10/14/2025,Y,10/14/2025,N,100,,,,,2733-08OCT25-LMW08,"(D)202+201(B)+210(Al)+211(Be, Li, Se, U)"
SANI-26-377380,GELC,SW-846:6020B,10/14/2025,BE,TRG,0.2,ug/L,0.5,W,747002007,15:12,UN,1,SW-846:3005A,10/10/2025,2878013,747002,1206262705,,Beryllium,INIT,N,N,,,,2878010,,8:05,0.2,,,10/6/2025,REG,-0.005,ug/L,0.2,,,,,,,,10/9/2025,10/14/2025,Y,10/14/2025,N,100,,,,,2733-08OCT25-LMW08,"(D)202+201(B)+210(Al)+211(Be, Li, Se, U)"
SANI-26-377380,GELC,SW-846:6010D,10/10/2025,BE,TRG,1,ug/L,5,W,747002007,21:51,UN,1,SW-846:3005A,10/10/2025,2878016,747002,1206262711,,Beryllium,INIT,N,N,,,,2878014,,7:45,1,,,10/6/2025,REG,-0.0293,ug/L,1,,,,,,,,10/9/2025,10/14/2025,Y,10/14/2025,N,100,,,,,2733-08OCT25-LMW08,"(D)202+201(B)+210(Al)+211(Be, Li, Se, U)"
SANI-26-377380,GELC,SW-846:6010D,10/10/2025,B,TRG,19,ug/L,50,W,747002007,21:51,J,1,SW-846:3005A,10/10/2025,2878016,747002,1206262711,,Boron,INIT,N,N,,,,2878014,,7:45,15,,,10/6/2025,REG,19,ug/L,19,,,,,,,,10/9/2025,10/14/2025,Y,10/14/2025,N,100,,,,,2733-08OCT25-LMW08,"(D)202+201(B)+210(Al)+211(Be, Li, Se, U)"
SANI-26-377380,GELC,SW-846:6010D,10/10/2025,CD,TRG,1,ug/L,5,W,747002007,21:51,U,1,SW-846:3005A,10/10/2025,2878016,747002,1206262711,,Cadmium,INIT,N,N,,,,2878014,,7:45,1,,,10/6/2025,REG,0.0914,ug/L,1,,,,,,,,10/9/2025,10/14/2025,Y,10/14/2025,N,100,,,,,2733-08OCT25-LMW08,"(D)202+201(B)+210(Al)+211(Be, Li, Se, U)"
SANI-26-377380,GELC,SW-846:6010D,10/10/2025,CA,TRG,13200,ug/L,200,W,747002007,21:51,,1,SW-846:3005A,10/10/2025,2878016,747002,1206262711,,Calcium,INIT,N,N,,,,2878014,,7:45,50,,,10/6/2025,REG,13200,ug/L,13200,,,,,,,,10/9/2025,10/14/2025,Y,10/14/2025,N,100,,,,,2733-08OCT25-LMW08,"(D)202+201(B)+210(Al)+211(Be, Li, Se, U)"
SANI-26-377380,GELC,SW-846:6010D,10/10/2025,CR,TRG,16.6,ug/L,10,W,747002007,21:51,,1,SW-846:3005A,10/10/2025,2878016,747002,1206262711,,Chromium,INIT,N,N,,,,2878014,,7:45,1,,,10/6/2025,REG,16.6,ug/L,16.6,,,,,,,,10/9/2025,10/14/2025,Y,10/14/2025,N,100,,,,,2733-08OCT25-LMW08,"(D)202+201(B)+210(Al)+211(Be, Li, Se, U)"
SANI-26-377380,GELC,SW-846:6010D,10/10/2025,CO,TRG,1.02,ug/L,5,W,747002007,21:51,J,1,SW-846:3005A,10/10/2025,2878016,747002,1206262711,,Cobalt,INIT,N,N,,,,2878014,,7:45,1,,,10/6/2025,REG,1.02,ug/L,1.02,,,,,,,,10/9/2025,10/14/2025,Y,10/14/2025,N,100,,,,,2733-08OCT25-LMW08,"(D)202+201(B)+210(Al)+211(Be, Li, Se, U)"
SANI-26-377380,GELC,SW-846:6010D,10/10/2025,CU,TRG,3,ug/L,20,W,747002007,21:51,U,1,SW-846:3005A,10/10/2025,2878016,747002,1206262711,,Copper,INIT,N,N,,,,2878014,,7:45,3,,,10/6/2025,REG,0.841,ug/L,3,,,,,,,,10/9/2025,10/14/2025,Y,10/14/2025,N,100,,,,,2733-08OCT25-LMW08,"(D)202+201(B)+210(Al)+211(Be, Li, Se, U)"
SANI-26-377380,GELC,SW-846:6010D,10/10/2025,FE,TRG,294,ug/L,100,W,747002007,21:51,,1,SW-846:3005A,10/10/2025,2878016,747002,1206262711,,Iron,INIT,N,N,,,,2878014,,7:45,30,,,10/6/2025,REG,294,ug/L,294,,,,,,,,10/9/2025,10/14/2025,Y,10/14/2025,N,100,,,,,2733-08OCT25-LMW08,"(D)202+201(B)+210(Al)+211(Be, Li, Se, U)"
SANI-26-377380,GELC,SW-846:6010D,10/10/2025,PB,TRG,3.3,ug/L,20,W,747002007,21:51,U,1,SW-846:3005A,10/10/2025,2878016,747002,1206262711,,Lead,INIT,N,N,,,,2878014,,7:45,3.3,,,10/6/2025,REG,1.26,ug/L,3.3,,,,,,,,10/9/2025,10/14/2025,Y,10/14/2025,N,100,,,,,2733-08OCT25-LMW08,"(D)202+201(B)+210(Al)+211(Be, Li, Se, U)"
SANI-26-377380,GELC,SW-846:6020B,10/14/2025,LI,TRG,27.4,ug/L,10,W,747002007,13:50,N,1,SW-846:3005A,10/10/2025,2878013,747002,1206262705,,Lithium,INIT,N,N,,,,2878010,,8:05,3,,,10/6/2025,REG,27.4,ug/L,27.4,,,,,,,,10/9/2025,10/14/2025,Y,10/14/2025,N,100,,,,,2733-08OCT25-LMW08,"(D)202+201(B)+210(Al)+211(Be, Li, Se, U)"
SANI-26-377380,GELC,SW-846:6010D,10/10/2025,MG,TRG,3790,ug/L,300,W,747002007,21:51,,1,SW-846:3005A,10/10/2025,2878016,747002,1206262711,,Magnesium,INIT,N,N,,,,2878014,,7:45,110,,,10/6/2025,REG,3790,ug/L,3790,,,,,,,,10/9/2025,10/14/2025,Y,10/14/2025,N,100,,,,,2733-08OCT25-LMW08,"(D)202+201(B)+210(Al)+211(Be, Li, Se, U)"
SANI-26-377380,GELC,SW-846:6010D,10/10/2025,MN,TRG,119,ug/L,10,W,747002007,21:51,,1,SW-846:3005A,10/10/2025,2878016,747002,1206262711,,Manganese,INIT,N,N,,,,2878014,,7:45,2,,,10/6/2025,REG,119,ug/L,119,,,,,,,,10/9/2025,10/14/2025,Y,10/14/2025,N,100,,,,,2733-08OCT25-LMW08,"(D)202+201(B)+210(Al)+211(Be, Li, Se, U)"
SANI-26-377380,GELC,SW-846:7470A,10/13/2025,HG,TRG,0.067,ug/L,0.2,W,747002007,11:18,U,1,SW-846:7470A Prep,10/10/2025,2878181,747002,1206263011,,Mercury,INIT,N,N,,,,2878179,,12:05,0.067,,,10/6/2025,REG,-0.017,ug/L,0.067,,,,,,,,10/9/2025,10/14/2025,Y,10/14/2025,N,100,,,,,2733-08OCT25-LMW08,"(D)202+201(B)+210(Al)+211(Be, Li, Se, U)"
SANI-26-377380,GELC,SW-846:6010D,10/10/2025,NI,TRG,1.84,ug/L,5,W,747002007,21:51,J,1,SW-846:3005A,10/10/2025,2878016,747002,1206262711,,Nickel,INIT,N,N,,,,2878014,,7:45,1.5,,,10/6/2025,REG,1.84,ug/L,1.84,,,,,,,,10/9/2025,10/14/2025,Y,10/14/2025,N,100,,,,,2733-08OCT25-LMW08,"(D)202+201(B)+210(Al)+211(Be, Li, Se, U)"
SANI-26-377380,GELC,SW-846:6010D,10/10/2025,K,TRG,2400,ug/L,250,W,747002007,21:51,,1,SW-846:3005A,10/10/2025,2878016,747002,1206262711,,Potassium,INIT,N,N,,,,2878014,,7:45,50,,,10/6/2025,REG,2400,ug/L,2400,,,,,,,,10/9/2025,10/14/2025,Y,10/14/2025,N,100,,,,,2733-08OCT25-LMW08,"(D)202+201(B)+210(Al)+211(Be, Li, Se, U)"
SANI-26-377380,GELC,SW-846:6020B,10/14/2025,SE,TRG,1.5,ug/L,5,W,747002007,13:50,U,1,SW-846:3005A,10/10/2025,2878013,747002,1206262705,,Selenium,INIT,N,N,,,,2878010,,8:05,1.5,,,10/6/2025,REG,0.49,ug/L,1.5,,,,,,,,10/9/2025,10/14/2025,Y,10/14/2025,N,100,,,,,2733-08OCT25-LMW08,"(D)202+201(B)+210(Al)+211(Be, Li, Se, U)"
SANI-26-377380,GELC,SW-846:6010D,10/10/2025,SE,TRG,6,ug/L,30,W,747002007,21:51,U,1,SW-846:3005A,10/10/2025,2878016,747002,1206262711,,Selenium,INIT,N,N,,,,2878014,,7:45,6,,,10/6/2025,REG,-2.78,ug/L,6,,,,,,,,10/9/2025,10/14/2025,Y,10/14/2025,N,100,,,,,2733-08OCT25-LMW08,"(D)202+201(B)+210(Al)+211(Be, Li, Se, U)"
SANI-26-377380,GELC,SW-846:6010D,10/10/2025,AG,TRG,1,ug/L,5,W,747002007,21:51,U,1,SW-846:3005A,10/10/2025,2878016,747002,1206262711,,Silver,INIT,N,N,,,,2878014,,7:45,1,,,10/6/2025,REG,0.227,ug/L,1,,,,,,,,10/9/2025,10/14/2025,Y,10/14/2025,N,100,,,,,2733-08OCT25-LMW08,"(D)202+201(B)+210(Al)+211(Be, Li, Se, U)"
SANI-26-377380,GELC,SW-846:6010D,10/10/2025,NA,TRG,11500,ug/L,300,W,747002007,21:51,,1,SW-846:3005A,10/10/2025,2878016,747002,1206262711,,Sodium,INIT,N,N,,,,2878014,,7:45,100,,,10/6/2025,REG,11500,ug/L,11500,,,,,,,,10/9/2025,10/14/2025,Y,10/14/2025,N,100,,,,,2733-08OCT25-LMW08,"(D)202+201(B)+210(Al)+211(Be, Li, Se, U)"
SANI-26-377380,GELC,SW-846:6010D,10/10/2025,TL,TRG,5,ug/L,20,W,747002007,21:51,U,1,SW-846:3005A,10/10/2025,2878016,747002,1206262711,,Thallium,INIT,N,N,,,,2878014,,7:45,5,,,10/6/2025,REG,0.17,ug/L,5,,,,,,,,10/9/2025,10/14/2025,Y,10/14/2025,N,100,,,,,2733-08OCT25-LMW08,"(D)202+201(B)+210(Al)+211(Be, Li, Se, U)"
SANI-26-377380,GELC,SW-846:6020B,10/14/2025,U,TRG,0.631,ug/L,0.2,W,747002007,13:50,,1,SW-846:3005A,10/10/2025,2878013,747002,1206262705,,Uranium,INIT,N,N,,,,2878010,,8:05,0.067,,,10/6/2025,REG,0.631,ug/L,0.631,,,,,,,,10/9/2025,10/14/2025,Y,10/14/2025,N,100,,,,,2733-08OCT25-LMW08,"(D)202+201(B)+210(Al)+211(Be, Li, Se, U)"
SANI-26-377380,GELC,SW-846:6010D,10/10/2025,V,TRG,4.27,ug/L,5,W,747002007,21:51,J,1,SW-846:3005A,10/10/2025,2878016,747002,1206262711,,Vanadium,INIT,N,N,,,,2878014,,7:45,1,,,10/6/2025,REG,4.27,ug/L,4.27,,,,,,,,10/9/2025,10/14/2025,Y,10/14/2025,N,100,,,,,2733-08OCT25-LMW08,"(D)202+201(B)+210(Al)+211(Be, Li, Se, U)"
SANI-26-377380,GELC,SW-846:6010D,10/10/2025,ZN,TRG,4.49,ug/L,20,W,747002007,21:51,J,1,SW-846:3005A,10/10/2025,2878016,747002,1206262711,,Zinc,INIT,N,N,,,,2878014,,7:45,3.3,,,10/6/2025,REG,4.49,ug/L,4.49,,,,,,,,10/9/2025,10/14/2025,Y,10/14/2025,N,100,,,,,2733-08OCT25-LMW08,"(D)202+201(B)+210(Al)+211(Be, Li, Se, U)"
SANI-26-377370,GELC,SW-846:6850,10/10/2025,CLO4,TRG,1.97,ug/L,0.2,W,747002002,15:15,,1,SW-846:6850,10/10/2025,2878593,747002,1206263819,,Perchlorate,INIT,N,N,,,,2878592,,12:56,0.05,,,10/3/2025,REG,1.97,ug/L,1.97,,,,,,,,10/9/2025,10/14/2025,Y,10/14/2025,N,100,,,,,2733-08OCT25-LMW08,565 - Perchlorate by LC/MS
SANI-26-377374,GELC,SW-846:6850,10/10/2025,CLO4,TRG,3.03,ug/L,0.2,W,747002004,15:35,,1,SW-846:6850,10/10/2025,2878593,747002,1206263819,,Perchlorate,INIT,N,N,,,,2878592,,12:56,0.05,,,10/5/2025,REG,3.03,ug/L,3.03,,,,,,,,10/9/2025,10/14/2025,Y,10/14/2025,N,100,,,,,2733-08OCT25-LMW08,565 - Perchlorate by LC/MS
SANI-26-377380,GELC,SW-846:6850,10/10/2025,CLO4,TRG,5.32,ug/L,0.2,W,747002007,16:35,,1,SW-846:6850,10/10/2025,2878593,747002,1206263819,,Perchlorate,INIT,N,N,,,,2878592,,12:56,0.05,,,10/6/2025,REG,5.32,ug/L,5.32,,,,,,,,10/9/2025,10/14/2025,Y,10/14/2025,N,100,,,,,2733-08OCT25-LMW08,565 - Perchlorate by LC/MS
SANI-26-377370,GELC,EPA:170.0,10/9/2025,TEMP,TRG,2,Deg C,,W,747002002,,,,,,,747002,,,Temperature,INIT,N,,,,,,,,,,,10/3/2025,REG,,,,,,,,,,,10/9/2025,10/14/2025,Y,10/14/2025,,,,,,,2733-08OCT25-LMW08,
SANI-26-377374,GELC,EPA:170.0,10/9/2025,TEMP,TRG,2,Deg C,,W,747002004,,,,,,,747002,,,Temperature,INIT,N,,,,,,,,,,,10/5/2025,REG,,,,,,,,,,,10/9/2025,10/14/2025,Y,10/14/2025,,,,,,,2733-08OCT25-LMW08,
SANI-26-377380,GELC,EPA:170.0,10/9/2025,TEMP,TRG,2,Deg C,,W,747002007,,,,,,,747002,,,Temperature,INIT,N,,,,,,,,,,,10/6/2025,REG,,,,,,,,,,,10/9/2025,10/14/2025,Y,10/14/2025,,,,,,,2733-08OCT25-LMW08,
SANI-26-377261,HEAL,EPA:300.0,10/8/2025,Br(-1),TRG,0.05,mg/L,0.1,W,885-34827-7,20:06,U,1,,,885-36301,885-34827-1,MB 885-36301/4,,Bromide,INIT,N,N,,,,885-36301,,,0.05,,10/2/2025,REG,,,,,,,,,10/6/2025,10/9/2025,N,10/15/2025,W,100,2731-03OCT25-LMW08,,,,,,,,
SANI-26-377261,HEAL,EPA:300.0,10/8/2025,Cl(-1),TRG,5.1,mg/L,0.5,W,885-34827-7,20:06,,1,,,885-36301,885-34827-1,MB 885-36301/4,,Chloride,INIT,N,N,,,,885-36301,,,0.25,,10/2/2025,REG,,,,,,,,,10/6/2025,10/9/2025,N,10/15/2025,W,100,2731-03OCT25-LMW08,,,,,,,,
SANI-26-377261,HEAL,EPA:300.0,10/8/2025,F(-1),TRG,0.18,mg/L,0.1,W,885-34827-7,20:06,,1,,,885-36301,885-34827-1,MB 885-36301/4,,Fluoride,INIT,N,N,,,,885-36301,,,0.046,,10/2/2025,REG,,,,,,,,,10/6/2025,10/9/2025,N,10/15/2025,W,100,2731-03OCT25-LMW08,,,,,,,,
SANI-26-377261,HEAL,EPA:300.0,10/8/2025,SO4(-2),TRG,7.4,mg/L,0.5,W,885-34827-7,20:06,,1,,,885-36301,885-34827-1,MB 885-36301/4,,Sulfate,INIT,N,N,,,,885-36301,,,0.39,,10/2/2025,REG,,,,,,,,,10/6/2025,10/9/2025,N,10/15/2025,W,100,2731-03OCT25-LMW08,,,,,,,,
SANI-26-377261,HEAL,SM:A2320B,10/9/2025,ALK,TRG,59,mg/L,20,W,885-34827-7,13:49,,1,,,885-36451,885-34827-1,MB 885-36451/2,,Alkalinity,INIT,N,N,,,,885-36451,,,20,,10/2/2025,REG,,,,,,,,,10/6/2025,10/9/2025,N,10/15/2025,W,100,2731-03OCT25-LMW08,,,,,,,,
SANI-26-377261,HEAL,SM:A2320B,10/9/2025,HCO3(-1),TRG,59,mg/L,20,W,885-34827-7,13:49,,1,,,885-36451,885-34827-1,MB 885-36451/2,,Bicarbonate,INIT,N,N,,,,885-36451,,,20,,10/2/2025,REG,,,,,,,,,10/6/2025,10/9/2025,N,10/15/2025,W,100,2731-03OCT25-LMW08,,,,,,,,
SANI-26-377261,HEAL,SM:A2320B,10/9/2025,CO3(-2),TRG,2,mg/L,2,W,885-34827-7,13:49,U,1,,,885-36451,885-34827-1,MB 885-36451/2,,Carbonate,INIT,N,N,,,,885-36451,,,2,,10/2/2025,REG,,,,,,,,,10/6/2025,10/9/2025,N,10/15/2025,W,100,2731-03OCT25-LMW08,,,,,,,,
SANI-26-377261,HEAL,SM:A2540C,10/9/2025,TDS,TRG,150,mg/L,50,W,885-34827-7,11:39,,1,,,885-36409,885-34827-1,MB 885-36409/1,,Total Dissolved Solids,INIT,N,N,,,,885-36409,,,25,,10/2/2025,REG,,,,,,,,,10/6/2025,10/9/2025,N,10/15/2025,W,100,2731-03OCT25-LMW08,,,,,,,,
SANI-26-377261,GELC,SW-846:6020B,45938,AL,TRG,39.3,ug/L,50,W,746041004,0.51875,J,1,SW-846:3005A,45936,2875803,746041,1206258638,,Aluminum,INIT,N,N,,,,2875802,,0.638888889,19.3,,,45932,REG,39.3,ug/L,39.3,,,,,,,,45936,45940,Y,45940,N,100,,,,,2730-03OCT25-LMW08,"(D)202+201(B)+210(Al)+211(Be, Li, Se, U)"
SANI-26-377261,GELC,SW-846:6010D,45937,AL,TRG,68,ug/L,200,W,746041004,0.627777778,U,1,SW-846:3005A,45936,2875806,746041,1206258648,,Aluminum,INIT,N,N,,,,2875805,,0.638888889,68,,,45932,REG,12.9,ug/L,68,,,,,,,,45936,45940,Y,45940,N,100,,,,,2730-03OCT25-LMW08,"(D)202+201(B)+210(Al)+211(Be, Li, Se, U)"
SANI-26-377261,GELC,SW-846:6010D,45937,SB,TRG,3.5,ug/L,20,W,746041004,0.627777778,U,1,SW-846:3005A,45936,2875806,746041,1206258648,,Antimony,INIT,N,N,,,,2875805,,0.638888889,3.5,,,45932,REG,-1.71,ug/L,3.5,,,,,,,,45936,45940,Y,45940,N,100,,,,,2730-03OCT25-LMW08,"(D)202+201(B)+210(Al)+211(Be, Li, Se, U)"
SANI-26-377261,GELC,SW-846:6010D,45937,AS,TRG,5,ug/L,30,W,746041004,0.627777778,U,1,SW-846:3005A,45936,2875806,746041,1206258648,,Arsenic,INIT,N,N,,,,2875805,,0.638888889,5,,,45932,REG,2.28,ug/L,5,,,,,,,,45936,45940,Y,45940,N,100,,,,,2730-03OCT25-LMW08,"(D)202+201(B)+210(Al)+211(Be, Li, Se, U)"
SANI-26-377261,GELC,SW-846:6010D,45937,BA,TRG,29.9,ug/L,5,W,746041004,0.627777778,,1,SW-846:3005A,45936,2875806,746041,1206258648,,Barium,INIT,N,N,,,,2875805,,0.638888889,1,,,45932,REG,29.9,ug/L,29.9,,,,,,,,45936,45940,Y,45940,N,100,,,,,2730-03OCT25-LMW08,"(D)202+201(B)+210(Al)+211(Be, Li, Se, U)"
SANI-26-377261,GELC,SW-846:6010D,45937,BE,TRG,1,ug/L,5,W,746041004,0.627777778,U,1,SW-846:3005A,45936,2875806,746041,1206258648,,Beryllium,INIT,N,N,,,,2875805,,0.638888889,1,,,45932,REG,-0.0411,ug/L,1,,,,,,,,45936,45940,Y,45940,N,100,,,,,2730-03OCT25-LMW08,"(D)202+201(B)+210(Al)+211(Be, Li, Se, U)"
SANI-26-377261,GELC,SW-846:6020B,45938,BE,TRG,0.2,ug/L,0.5,W,746041004,0.51875,UQ,1,SW-846:3005A,45936,2875803,746041,1206258638,,Beryllium,INIT,N,N,,,,2875802,,0.638888889,0.2,,,45932,REG,0.006,ug/L,0.2,,,,,,,,45936,45940,Y,45940,N,100,,,,,2730-03OCT25-LMW08,"(D)202+201(B)+210(Al)+211(Be, Li, Se, U)"
SANI-26-377261,GELC,SW-846:6010D,45937,B,TRG,15,ug/L,50,W,746041004,0.627777778,U,1,SW-846:3005A,45936,2875806,746041,1206258648,,Boron,INIT,N,N,,,,2875805,,0.638888889,15,,,45932,REG,14,ug/L,15,,,,,,,,45936,45940,Y,45940,N,100,,,,,2730-03OCT25-LMW08,"(D)202+201(B)+210(Al)+211(Be, Li, Se, U)"
SANI-26-377261,GELC,SW-846:6010D,45937,CD,TRG,1,ug/L,5,W,746041004,0.627777778,U,1,SW-846:3005A,45936,2875806,746041,1206258648,,Cadmium,INIT,N,N,,,,2875805,,0.638888889,1,,,45932,REG,0.202,ug/L,1,,,,,,,,45936,45940,Y,45940,N,100,,,,,2730-03OCT25-LMW08,"(D)202+201(B)+210(Al)+211(Be, Li, Se, U)"
SANI-26-377261,GELC,SW-846:6010D,45937,CA,TRG,13500,ug/L,200,W,746041004,0.627777778,,1,SW-846:3005A,45936,2875806,746041,1206258648,,Calcium,INIT,N,N,,,,2875805,,0.638888889,50,,,45932,REG,13500,ug/L,13500,,,,,,,,45936,45940,Y,45940,N,100,,,,,2730-03OCT25-LMW08,"(D)202+201(B)+210(Al)+211(Be, Li, Se, U)"
SANI-26-377261,GELC,SW-846:6010D,45937,CR,TRG,73.2,ug/L,10,W,746041004,0.627777778,,1,SW-846:3005A,45936,2875806,746041,1206258648,,Chromium,INIT,N,N,,,,2875805,,0.638888889,1,,,45932,REG,73.2,ug/L,73.2,,,,,,,,45936,45940,Y,45940,N,100,,,,,2730-03OCT25-LMW08,"(D)202+201(B)+210(Al)+211(Be, Li, Se, U)"
SANI-26-377261,GELC,SW-846:6010D,45937,CO,TRG,1,ug/L,5,W,746041004,0.627777778,U,1,SW-846:3005A,45936,2875806,746041,1206258648,,Cobalt,INIT,N,N,,,,2875805,,0.638888889,1,,,45932,REG,0.385,ug/L,1,,,,,,,,45936,45940,Y,45940,N,100,,,,,2730-03OCT25-LMW08,"(D)202+201(B)+210(Al)+211(Be, Li, Se, U)"
SANI-26-377261,GELC,SW-846:6010D,45937,CU,TRG,3,ug/L,20,W,746041004,0.627777778,U,1,SW-846:3005A,45936,2875806,746041,1206258648,,Copper,INIT,N,N,,,,2875805,,0.638888889,3,,,45932,REG,-0.173,ug/L,3,,,,,,,,45936,45940,Y,45940,N,100,,,,,2730-03OCT25-LMW08,"(D)202+201(B)+210(Al)+211(Be, Li, Se, U)"
SANI-26-377261,GELC,SW-846:6010D,45937,FE,TRG,40.5,ug/L,100,W,746041004,0.627777778,J,1,SW-846:3005A,45936,2875806,746041,1206258648,,Iron,INIT,N,N,,,,2875805,,0.638888889,30,,,45932,REG,40.5,ug/L,40.5,,,,,,,,45936,45940,Y,45940,N,100,,,,,2730-03OCT25-LMW08,"(D)202+201(B)+210(Al)+211(Be, Li, Se, U)"
SANI-26-377261,GELC,SW-846:6010D,45937,PB,TRG,3.3,ug/L,20,W,746041004,0.627777778,U,1,SW-846:3005A,45936,2875806,746041,1206258648,,Lead,INIT,N,N,,,,2875805,,0.638888889,3.3,,,45932,REG,0.351,ug/L,3.3,,,,,,,,45936,45940,Y,45940,N,100,,,,,2730-03OCT25-LMW08,"(D)202+201(B)+210(Al)+211(Be, Li, Se, U)"
SANI-26-377261,GELC,SW-846:6020B,45938,LI,TRG,29.8,ug/L,10,W,746041004,0.51875,,1,SW-846:3005A,45936,2875803,746041,1206258638,,Lithium,INIT,N,N,,,,2875802,,0.638888889,3,,,45932,REG,29.8,ug/L,29.8,,,,,,,,45936,45940,Y,45940,N,100,,,,,2730-03OCT25-LMW08,"(D)202+201(B)+210(Al)+211(Be, Li, Se, U)"
SANI-26-377261,GELC,SW-846:6010D,45937,MG,TRG,4130,ug/L,300,W,746041004,0.627777778,,1,SW-846:3005A,45936,2875806,746041,1206258648,,Magnesium,INIT,N,N,,,,2875805,,0.638888889,110,,,45932,REG,4130,ug/L,4130,,,,,,,,45936,45940,Y,45940,N,100,,,,,2730-03OCT25-LMW08,"(D)202+201(B)+210(Al)+211(Be, Li, Se, U)"
SANI-26-377261,GELC,SW-846:6010D,45937,MN,TRG,51.8,ug/L,10,W,746041004,0.627777778,,1,SW-846:3005A,45936,2875806,746041,1206258648,,Manganese,INIT,N,N,,,,2875805,,0.638888889,2,,,45932,REG,51.8,ug/L,51.8,,,,,,,,45936,45940,Y,45940,N,100,,,,,2730-03OCT25-LMW08,"(D)202+201(B)+210(Al)+211(Be, Li, Se, U)"
SANI-26-377261,GELC,SW-846:7470A,45938,HG,TRG,0.067,ug/L,0.2,W,746041004,0.475,U,1,SW-846:7470A Prep,45937,2876137,746041,1206259312,,Mercury,INIT,N,N,,,,2876134,,0.595833333,0.067,,,45932,REG,-0.006,ug/L,0.067,,,,,,,,45936,45940,Y,45940,N,100,,,,,2730-03OCT25-LMW08,"(D)202+201(B)+210(Al)+211(Be, Li, Se, U)"
SANI-26-377261,GELC,SW-846:6010D,45937,NI,TRG,1.5,ug/L,5,W,746041004,0.627777778,U,1,SW-846:3005A,45936,2875806,746041,1206258648,,Nickel,INIT,N,N,,,,2875805,,0.638888889,1.5,,,45932,REG,1.29,ug/L,1.5,,,,,,,,45936,45940,Y,45940,N,100,,,,,2730-03OCT25-LMW08,"(D)202+201(B)+210(Al)+211(Be, Li, Se, U)"
SANI-26-377261,GELC,SW-846:6010D,45937,K,TRG,2210,ug/L,250,W,746041004,0.627777778,,1,SW-846:3005A,45936,2875806,746041,1206258648,,Potassium,INIT,N,N,,,,2875805,,0.638888889,50,,,45932,REG,2210,ug/L,2210,,,,,,,,45936,45940,Y,45940,N,100,,,,,2730-03OCT25-LMW08,"(D)202+201(B)+210(Al)+211(Be, Li, Se, U)"
SANI-26-377261,GELC,SW-846:6020B,45938,SE,TRG,1.5,ug/L,5,W,746041004,0.51875,U,1,SW-846:3005A,45936,2875803,746041,1206258638,,Selenium,INIT,N,N,,,,2875802,,0.638888889,1.5,,,45932,REG,0.49,ug/L,1.5,,,,,,,,45936,45940,Y,45940,N,100,,,,,2730-03OCT25-LMW08,"(D)202+201(B)+210(Al)+211(Be, Li, Se, U)"
SANI-26-377261,GELC,SW-846:6010D,45937,SE,TRG,6,ug/L,30,W,746041004,0.627777778,U,1,SW-846:3005A,45936,2875806,746041,1206258648,,Selenium,INIT,N,N,,,,2875805,,0.638888889,6,,,45932,REG,0.606,ug/L,6,,,,,,,,45936,45940,Y,45940,N,100,,,,,2730-03OCT25-LMW08,"(D)202+201(B)+210(Al)+211(Be, Li, Se, U)"
SANI-26-377261,GELC,SW-846:6010D,45937,AG,TRG,1,ug/L,5,W,746041004,0.627777778,U,1,SW-846:3005A,45936,2875806,746041,1206258648,,Silver,INIT,N,N,,,,2875805,,0.638888889,1,,,45932,REG,-0.0107,ug/L,1,,,,,,,,45936,45940,Y,45940,N,100,,,,,2730-03OCT25-LMW08,"(D)202+201(B)+210(Al)+211(Be, Li, Se, U)"
SANI-26-377261,GELC,SW-846:6010D,45937,NA,TRG,11500,ug/L,300,W,746041004,0.627777778,,1,SW-846:3005A,45936,2875806,746041,1206258648,,Sodium,INIT,N,N,,,,2875805,,0.638888889,100,,,45932,REG,11500,ug/L,11500,,,,,,,,45936,45940,Y,45940,N,100,,,,,2730-03OCT25-LMW08,"(D)202+201(B)+210(Al)+211(Be, Li, Se, U)"
SANI-26-377261,GELC,SW-846:6010D,45937,TL,TRG,5,ug/L,20,W,746041004,0.627777778,U,1,SW-846:3005A,45936,2875806,746041,1206258648,,Thallium,INIT,N,N,,,,2875805,,0.638888889,5,,,45932,REG,-2.61,ug/L,5,,,,,,,,45936,45940,Y,45940,N,100,,,,,2730-03OCT25-LMW08,"(D)202+201(B)+210(Al)+211(Be, Li, Se, U)"
SANI-26-377261,GELC,SW-846:6020B,45938,U,TRG,0.635,ug/L,0.2,W,746041004,0.51875,,1,SW-846:3005A,45936,2875803,746041,1206258638,,Uranium,INIT,N,N,,,,2875802,,0.638888889,0.067,,,45932,REG,0.635,ug/L,0.635,,,,,,,,45936,45940,Y,45940,N,100,,,,,2730-03OCT25-LMW08,"(D)202+201(B)+210(Al)+211(Be, Li, Se, U)"
SANI-26-377261,GELC,SW-846:6010D,45937,V,TRG,5.11,ug/L,5,W,746041004,0.627777778,,1,SW-846:3005A,45936,2875806,746041,1206258648,,Vanadium,INIT,N,N,,,,2875805,,0.638888889,1,,,45932,REG,5.11,ug/L,5.11,,,,,,,,45936,45940,Y,45940,N,100,,,,,2730-03OCT25-LMW08,"(D)202+201(B)+210(Al)+211(Be, Li, Se, U)"
SANI-26-377261,GELC,SW-846:6010D,45937,ZN,TRG,7.25,ug/L,20,W,746041004,0.627777778,J,1,SW-846:3005A,45936,2875806,746041,1206258648,,Zinc,INIT,N,N,,,,2875805,,0.638888889,3.3,,,45932,REG,7.25,ug/L,7.25,,,,,,,,45936,45940,Y,45940,N,100,,,,,2730-03OCT25-LMW08,"(D)202+201(B)+210(Al)+211(Be, Li, Se, U)"
SANI-26-377261,GELC,SW-846:6850,45939,CLO4,TRG,1.58,ug/L,0.4,W,746041004,0.602777778,,2,SW-846:6850,45937,2876041,746041,1206259062,,Perchlorate,INIT,N,N,,,,2876040,,0.490277778,0.1,,,45932,REG,0.788,ug/L,1.58,,,,,,,,45936,45940,Y,45940,N,100,,,,,2730-03OCT25-LMW08,565 - Perchlorate by LC/MS
SANI-26-377261,GELC,EPA:170.0,45936,TEMP,TRG,20,Deg C,,W,746041004,,,,,,,746041,,,Temperature,INIT,N,,,,,,,,,,,45932,REG,,,,,,,,,,,45936,45940,Y,45940,,,,,,,2730-03OCT25-LMW08,
SANI-26-377503,HEAL,EPA:300.0,10/17/2025,Br(-1),TRG,0.05,mg/L,0.1,W,885-35526-3,13:25,U,1,,,885-36755,885-35526-1,MB 885-36755/4,,Bromide,INIT,N,N,,,,885-36755,,,0.05,,10/9/2025,REG,,,,,,,,,10/15/2025,10/20/2025,N,10/21/2025,W,100,2738-14OCT25-LMW08,,,,,,,,
SANI-26-377503,HEAL,EPA:300.0,10/17/2025,Cl(-1),TRG,4.3,mg/L,0.5,W,885-35526-3,13:25,,1,,,885-36755,885-35526-1,MB 885-36755/4,,Chloride,INIT,N,N,,,,885-36755,,,0.25,,10/9/2025,REG,,,,,,,,,10/15/2025,10/20/2025,N,10/21/2025,W,100,2738-14OCT25-LMW08,,,,,,,,
SANI-26-377503,HEAL,EPA:300.0,10/17/2025,F(-1),TRG,0.16,mg/L,0.1,W,885-35526-3,13:25,,1,,,885-36755,885-35526-1,MB 885-36755/4,,Fluoride,INIT,N,N,,,,885-36755,,,0.046,,10/9/2025,REG,,,,,,,,,10/15/2025,10/20/2025,N,10/21/2025,W,100,2738-14OCT25-LMW08,,,,,,,,
SANI-26-377503,HEAL,EPA:300.0,10/17/2025,SO4(-2),TRG,6.4,mg/L,0.5,W,885-35526-3,13:25,,1,,,885-36755,885-35526-1,MB 885-36755/4,,Sulfate,INIT,N,N,,,,885-36755,,,0.39,,10/9/2025,REG,,,,,,,,,10/15/2025,10/20/2025,N,10/21/2025,W,100,2738-14OCT25-LMW08,,,,,,,,
SANI-26-377503,HEAL,SM:A2320B,10/15/2025,ALK,TRG,57,mg/L,20,W,885-35526-3,16:19,,1,,,885-36776,885-35526-1,MB 885-36776/2,,Alkalinity,INIT,N,N,,,,885-36776,,,20,,10/9/2025,REG,,,,,,,,,10/15/2025,10/20/2025,N,10/21/2025,W,100,2738-14OCT25-LMW08,,,,,,,,
SANI-26-377503,HEAL,SM:A2320B,10/15/2025,HCO3(-1),TRG,57,mg/L,20,W,885-35526-3,16:19,,1,,,885-36776,885-35526-1,MB 885-36776/2,,Bicarbonate,INIT,N,N,,,,885-36776,,,20,,10/9/2025,REG,,,,,,,,,10/15/2025,10/20/2025,N,10/21/2025,W,100,2738-14OCT25-LMW08,,,,,,,,
SANI-26-377503,HEAL,SM:A2320B,10/15/2025,CO3(-2),TRG,2,mg/L,2,W,885-35526-3,16:19,U,1,,,885-36776,885-35526-1,MB 885-36776/2,,Carbonate,INIT,N,N,,,,885-36776,,,2,,10/9/2025,REG,,,,,,,,,10/15/2025,10/20/2025,N,10/21/2025,W,100,2738-14OCT25-LMW08,,,,,,,,
SANI-26-377503,HEAL,SM:A2540C,10/16/2025,TDS,TRG,150,mg/L,50,W,885-35526-3,10:56,,1,,,885-36790,885-35526-1,MB 885-36790/1,,Total Dissolved Solids,INIT,N,N,,,,885-36790,,,25,,10/9/2025,REG,,,,,,,,,10/15/2025,10/20/2025,N,10/21/2025,W,100,2738-14OCT25-LMW08,,,,,,,,
SANI-26-377503,GELC,SW-846:6010D,10/20/2025,AL,TRG,68,ug/L,200,W,747603002,13:58,U,1,SW-846:3005A,10/16/2025,2880798,747603,1206267938,,Aluminum,INIT,N,N,,,,2880797,,8:55,68,,,10/9/2025,REG,20.6,ug/L,68,,,,,,,,10/15/2025,10/22/2025,Y,10/22/2025,N,100,,,,,2737-14OCT25-LMW08,"(D)202+201(B)+210(Al)+211(Be, Li, Se, U)"
SANI-26-377503,GELC,SW-846:6020B,10/18/2025,AL,TRG,19.3,ug/L,50,W,747603002,2:04,U,1,SW-846:3005A,10/16/2025,2880801,747603,1206267944,,Aluminum,INIT,N,N,,,,2880799,,8:55,19.3,,,10/9/2025,REG,9.06,ug/L,19.3,,,,,,,,10/15/2025,10/22/2025,Y,10/22/2025,N,100,,,,,2737-14OCT25-LMW08,"(D)202+201(B)+210(Al)+211(Be, Li, Se, U)"
SANI-26-377503,GELC,SW-846:6010D,10/21/2025,SB,TRG,5.12,ug/L,20,W,747603002,9:32,J,1,SW-846:3005A,10/16/2025,2880798,747603,1206267938,,Antimony,INIT,N,N,,,,2880797,,8:55,3.5,,,10/9/2025,REG,5.12,ug/L,5.12,,,,,,,,10/15/2025,10/22/2025,Y,10/22/2025,N,100,,,,,2737-14OCT25-LMW08,"(D)202+201(B)+210(Al)+211(Be, Li, Se, U)"
SANI-26-377503,GELC,SW-846:6010D,10/20/2025,AS,TRG,5,ug/L,30,W,747603002,13:58,U,1,SW-846:3005A,10/16/2025,2880798,747603,1206267938,,Arsenic,INIT,N,N,,,,2880797,,8:55,5,,,10/9/2025,REG,-1.84,ug/L,5,,,,,,,,10/15/2025,10/22/2025,Y,10/22/2025,N,100,,,,,2737-14OCT25-LMW08,"(D)202+201(B)+210(Al)+211(Be, Li, Se, U)"
SANI-26-377503,GELC,SW-846:6010D,10/20/2025,BA,TRG,27.4,ug/L,5,W,747603002,13:58,,1,SW-846:3005A,10/16/2025,2880798,747603,1206267938,,Barium,INIT,N,N,,,,2880797,,8:55,1,,,10/9/2025,REG,27.4,ug/L,27.4,,,,,,,,10/15/2025,10/22/2025,Y,10/22/2025,N,100,,,,,2737-14OCT25-LMW08,"(D)202+201(B)+210(Al)+211(Be, Li, Se, U)"
SANI-26-377503,GELC,SW-846:6010D,10/20/2025,BE,TRG,1,ug/L,5,W,747603002,13:58,U,1,SW-846:3005A,10/16/2025,2880798,747603,1206267938,,Beryllium,INIT,N,N,,,,2880797,,8:55,1,,,10/9/2025,REG,0.123,ug/L,1,,,,,,,,10/15/2025,10/22/2025,Y,10/22/2025,N,100,,,,,2737-14OCT25-LMW08,"(D)202+201(B)+210(Al)+211(Be, Li, Se, U)"
SANI-26-377503,GELC,SW-846:6020B,10/18/2025,BE,TRG,0.2,ug/L,0.5,W,747603002,2:04,UQ,1,SW-846:3005A,10/16/2025,2880801,747603,1206267944,,Beryllium,INIT,N,N,,,,2880799,,8:55,0.2,,,10/9/2025,REG,0.02,ug/L,0.2,,,,,,,,10/15/2025,10/22/2025,Y,10/22/2025,N,100,,,,,2737-14OCT25-LMW08,"(D)202+201(B)+210(Al)+211(Be, Li, Se, U)"
SANI-26-377503,GELC,SW-846:6010D,10/21/2025,B,TRG,15,ug/L,50,W,747603002,9:32,U,1,SW-846:3005A,10/16/2025,2880798,747603,1206267938,,Boron,INIT,N,N,,,,2880797,,8:55,15,,,10/9/2025,REG,14.8,ug/L,15,,,,,,,,10/15/2025,10/22/2025,Y,10/22/2025,N,100,,,,,2737-14OCT25-LMW08,"(D)202+201(B)+210(Al)+211(Be, Li, Se, U)"
SANI-26-377503,GELC,SW-846:6010D,10/20/2025,CD,TRG,1,ug/L,5,W,747603002,13:58,U,1,SW-846:3005A,10/16/2025,2880798,747603,1206267938,,Cadmium,INIT,N,N,,,,2880797,,8:55,1,,,10/9/2025,REG,0.271,ug/L,1,,,,,,,,10/15/2025,10/22/2025,Y,10/22/2025,N,100,,,,,2737-14OCT25-LMW08,"(D)202+201(B)+210(Al)+211(Be, Li, Se, U)"
SANI-26-377503,GELC,SW-846:6010D,10/20/2025,CA,TRG,13800,ug/L,200,W,747603002,13:58,,1,SW-846:3005A,10/16/2025,2880798,747603,1206267938,,Calcium,INIT,N,N,,,,2880797,,8:55,50,,,10/9/2025,REG,13800,ug/L,13800,,,,,,,,10/15/2025,10/22/2025,Y,10/22/2025,N,100,,,,,2737-14OCT25-LMW08,"(D)202+201(B)+210(Al)+211(Be, Li, Se, U)"
SANI-26-377503,GELC,SW-846:6010D,10/20/2025,CR,TRG,37,ug/L,10,W,747603002,13:58,,1,SW-846:3005A,10/16/2025,2880798,747603,1206267938,,Chromium,INIT,N,N,,,,2880797,,8:55,1,,,10/9/2025,REG,37,ug/L,37,,,,,,,,10/15/2025,10/22/2025,Y,10/22/2025,N,100,,,,,2737-14OCT25-LMW08,"(D)202+201(B)+210(Al)+211(Be, Li, Se, U)"
SANI-26-377503,GELC,SW-846:6010D,10/20/2025,CO,TRG,1,ug/L,5,W,747603002,13:58,U,1,SW-846:3005A,10/16/2025,2880798,747603,1206267938,,Cobalt,INIT,N,N,,,,2880797,,8:55,1,,,10/9/2025,REG,0.207,ug/L,1,,,,,,,,10/15/2025,10/22/2025,Y,10/22/2025,N,100,,,,,2737-14OCT25-LMW08,"(D)202+201(B)+210(Al)+211(Be, Li, Se, U)"
SANI-26-377503,GELC,SW-846:6010D,10/20/2025,CU,TRG,3,ug/L,20,W,747603002,13:58,U,1,SW-846:3005A,10/16/2025,2880798,747603,1206267938,,Copper,INIT,N,N,,,,2880797,,8:55,3,,,10/9/2025,REG,-0.646,ug/L,3,,,,,,,,10/15/2025,10/22/2025,Y,10/22/2025,N,100,,,,,2737-14OCT25-LMW08,"(D)202+201(B)+210(Al)+211(Be, Li, Se, U)"
SANI-26-377503,GELC,SW-846:6010D,10/20/2025,FE,TRG,39.4,ug/L,100,W,747603002,13:58,J,1,SW-846:3005A,10/16/2025,2880798,747603,1206267938,,Iron,INIT,N,N,,,,2880797,,8:55,30,,,10/9/2025,REG,39.4,ug/L,39.4,,,,,,,,10/15/2025,10/22/2025,Y,10/22/2025,N,100,,,,,2737-14OCT25-LMW08,"(D)202+201(B)+210(Al)+211(Be, Li, Se, U)"
SANI-26-377503,GELC,SW-846:6010D,10/20/2025,PB,TRG,3.3,ug/L,20,W,747603002,13:58,U,1,SW-846:3005A,10/16/2025,2880798,747603,1206267938,,Lead,INIT,N,N,,,,2880797,,8:55,3.3,,,10/9/2025,REG,2.08,ug/L,3.3,,,,,,,,10/15/2025,10/22/2025,Y,10/22/2025,N,100,,,,,2737-14OCT25-LMW08,"(D)202+201(B)+210(Al)+211(Be, Li, Se, U)"
SANI-26-377503,GELC,SW-846:6020B,10/18/2025,LI,TRG,26.5,ug/L,10,W,747603002,2:04,,1,SW-846:3005A,10/16/2025,2880801,747603,1206267944,,Lithium,INIT,N,N,,,,2880799,,8:55,3,,,10/9/2025,REG,26.5,ug/L,26.5,,,,,,,,10/15/2025,10/22/2025,Y,10/22/2025,N,100,,,,,2737-14OCT25-LMW08,"(D)202+201(B)+210(Al)+211(Be, Li, Se, U)"
SANI-26-377503,GELC,SW-846:6010D,10/20/2025,MG,TRG,3940,ug/L,300,W,747603002,13:58,,1,SW-846:3005A,10/16/2025,2880798,747603,1206267938,,Magnesium,INIT,N,N,,,,2880797,,8:55,110,,,10/9/2025,REG,3940,ug/L,3940,,,,,,,,10/15/2025,10/22/2025,Y,10/22/2025,N,100,,,,,2737-14OCT25-LMW08,"(D)202+201(B)+210(Al)+211(Be, Li, Se, U)"
SANI-26-377503,GELC,SW-846:6010D,10/20/2025,MN,TRG,64.2,ug/L,10,W,747603002,13:58,,1,SW-846:3005A,10/16/2025,2880798,747603,1206267938,,Manganese,INIT,N,N,,,,2880797,,8:55,2,,,10/9/2025,REG,64.2,ug/L,64.2,,,,,,,,10/15/2025,10/22/2025,Y,10/22/2025,N,100,,,,,2737-14OCT25-LMW08,"(D)202+201(B)+210(Al)+211(Be, Li, Se, U)"
SANI-26-377503,GELC,SW-846:7470A,10/17/2025,HG,TRG,0.067,ug/L,0.2,W,747603002,9:27,U,1,SW-846:7470A Prep,10/16/2025,2881515,747603,1206269268,,Mercury,INIT,N,N,,,,2881505,,12:05,0.067,,,10/9/2025,REG,0.017,ug/L,0.067,,,,,,,,10/15/2025,10/22/2025,Y,10/22/2025,N,100,,,,,2737-14OCT25-LMW08,"(D)202+201(B)+210(Al)+211(Be, Li, Se, U)"
SANI-26-377503,GELC,SW-846:6010D,10/21/2025,NI,TRG,1.5,ug/L,5,W,747603002,9:32,U,1,SW-846:3005A,10/16/2025,2880798,747603,1206267938,,Nickel,INIT,N,N,,,,2880797,,8:55,1.5,,,10/9/2025,REG,0.388,ug/L,1.5,,,,,,,,10/15/2025,10/22/2025,Y,10/22/2025,N,100,,,,,2737-14OCT25-LMW08,"(D)202+201(B)+210(Al)+211(Be, Li, Se, U)"
SANI-26-377503,GELC,SW-846:6010D,10/20/2025,K,TRG,2040,ug/L,250,W,747603002,13:58,,1,SW-846:3005A,10/16/2025,2880798,747603,1206267938,,Potassium,INIT,N,N,,,,2880797,,8:55,50,,,10/9/2025,REG,2040,ug/L,2040,,,,,,,,10/15/2025,10/22/2025,Y,10/22/2025,N,100,,,,,2737-14OCT25-LMW08,"(D)202+201(B)+210(Al)+211(Be, Li, Se, U)"
SANI-26-377503,GELC,SW-846:6020B,10/18/2025,SE,TRG,1.5,ug/L,5,W,747603002,2:04,U,1,SW-846:3005A,10/16/2025,2880801,747603,1206267944,,Selenium,INIT,N,N,,,,2880799,,8:55,1.5,,,10/9/2025,REG,0.566,ug/L,1.5,,,,,,,,10/15/2025,10/22/2025,Y,10/22/2025,N,100,,,,,2737-14OCT25-LMW08,"(D)202+201(B)+210(Al)+211(Be, Li, Se, U)"
SANI-26-377503,GELC,SW-846:6010D,10/21/2025,SE,TRG,6,ug/L,30,W,747603002,9:32,U,1,SW-846:3005A,10/16/2025,2880798,747603,1206267938,,Selenium,INIT,N,N,,,,2880797,,8:55,6,,,10/9/2025,REG,1.42,ug/L,6,,,,,,,,10/15/2025,10/22/2025,Y,10/22/2025,N,100,,,,,2737-14OCT25-LMW08,"(D)202+201(B)+210(Al)+211(Be, Li, Se, U)"
SANI-26-377503,GELC,SW-846:6010D,10/20/2025,AG,TRG,1,ug/L,5,W,747603002,13:58,U,1,SW-846:3005A,10/16/2025,2880798,747603,1206267938,,Silver,INIT,N,N,,,,2880797,,8:55,1,,,10/9/2025,REG,0.271,ug/L,1,,,,,,,,10/15/2025,10/22/2025,Y,10/22/2025,N,100,,,,,2737-14OCT25-LMW08,"(D)202+201(B)+210(Al)+211(Be, Li, Se, U)"
SANI-26-377503,GELC,SW-846:6010D,10/20/2025,NA,TRG,11400,ug/L,300,W,747603002,13:58,,1,SW-846:3005A,10/16/2025,2880798,747603,1206267938,,Sodium,INIT,N,N,,,,2880797,,8:55,100,,,10/9/2025,REG,11400,ug/L,11400,,,,,,,,10/15/2025,10/22/2025,Y,10/22/2025,N,100,,,,,2737-14OCT25-LMW08,"(D)202+201(B)+210(Al)+211(Be, Li, Se, U)"
SANI-26-377503,GELC,SW-846:6010D,10/20/2025,TL,TRG,5,ug/L,20,W,747603002,13:58,U,1,SW-846:3005A,10/16/2025,2880798,747603,1206267938,,Thallium,INIT,N,N,,,,2880797,,8:55,5,,,10/9/2025,REG,-3.07,ug/L,5,,,,,,,,10/15/2025,10/22/2025,Y,10/22/2025,N,100,,,,,2737-14OCT25-LMW08,"(D)202+201(B)+210(Al)+211(Be, Li, Se, U)"
SANI-26-377503,GELC,SW-846:6020B,10/18/2025,U,TRG,0.56,ug/L,0.2,W,747603002,2:04,,1,SW-846:3005A,10/16/2025,2880801,747603,1206267944,,Uranium,INIT,N,N,,,,2880799,,8:55,0.067,,,10/9/2025,REG,0.56,ug/L,0.56,,,,,,,,10/15/2025,10/22/2025,Y,10/22/2025,N,100,,,,,2737-14OCT25-LMW08,"(D)202+201(B)+210(Al)+211(Be, Li, Se, U)"
SANI-26-377503,GELC,SW-846:6010D,10/20/2025,V,TRG,5.41,ug/L,5,W,747603002,13:58,,1,SW-846:3005A,10/16/2025,2880798,747603,1206267938,,Vanadium,INIT,N,N,,,,2880797,,8:55,1,,,10/9/2025,REG,5.41,ug/L,5.41,,,,,,,,10/15/2025,10/22/2025,Y,10/22/2025,N,100,,,,,2737-14OCT25-LMW08,"(D)202+201(B)+210(Al)+211(Be, Li, Se, U)"
SANI-26-377503,GELC,SW-846:6010D,10/20/2025,ZN,TRG,3.3,ug/L,20,W,747603002,13:58,U,1,SW-846:3005A,10/16/2025,2880798,747603,1206267938,,Zinc,INIT,N,N,,,,2880797,,8:55,3.3,,,10/9/2025,REG,0.528,ug/L,3.3,,,,,,,,10/15/2025,10/22/2025,Y,10/22/2025,N,100,,,,,2737-14OCT25-LMW08,"(D)202+201(B)+210(Al)+211(Be, Li, Se, U)"
SANI-26-377503,GELC,SW-846:6850,10/17/2025,CLO4,TRG,11.8,ug/L,0.4,W,747603002,23:42,,2,SW-846:6850,10/16/2025,2881611,747603,1206269426,,Perchlorate,INIT,N,N,,,,2881610,,13:29,0.1,,,10/9/2025,REG,5.9,ug/L,11.8,,,,,,,,10/15/2025,10/22/2025,Y,10/22/2025,N,100,,,,,2737-14OCT25-LMW08,565 - Perchlorate by LC/MS
SANI-26-377503,GELC,EPA:170.0,10/15/2025,TEMP,TRG,4,Deg C,,W,747603002,,,,,,,747603,,,Temperature,INIT,N,,,,,,,,,,,10/9/2025,REG,,,,,,,,,,,10/15/2025,10/22/2025,Y,10/22/2025,,,,,,,2737-14OCT25-LMW08,
SAN-I-PW,HEAL,EPA:300.0,10/13/2025,Br(-1),TRG,0.05,mg/L,0.1,W,885-35199-1,11:47,U,1,,,885-36482,885-35199-1,MB 885-36482/4,,Bromide,INIT,N,N,,,,885-36482,,,0.05,,9/23/2025,REG,,,,,,,,,10/9/2025,10/14/2025,N,10/16/2025,W,100,2736-08OCT25-LMW08,,,,,,,,
SAN-I-PW,HEAL,EPA:300.0,10/13/2025,Cl(-1),TRG,3.9,mg/L,0.5,W,885-35199-1,11:47,,1,,,885-36482,885-35199-1,MB 885-36482/4,,Chloride,INIT,N,N,,,,885-36482,,,0.25,,9/23/2025,REG,,,,,,,,,10/9/2025,10/14/2025,N,10/16/2025,W,100,2736-08OCT25-LMW08,,,,,,,,
SAN-I-PW,HEAL,EPA:300.0,10/13/2025,F(-1),TRG,0.19,mg/L,0.1,W,885-35199-1,11:47,,1,,,885-36482,885-35199-1,MB 885-36482/4,,Fluoride,INIT,N,N,,,,885-36482,,,0.046,,9/23/2025,REG,,,,,,,,,10/9/2025,10/14/2025,N,10/16/2025,W,100,2736-08OCT25-LMW08,,,,,,,,
SAN-I-PW,HEAL,EPA:300.0,10/13/2025,NO3+NO2-N,TRG,0.11,mg/L,1,W,885-35199-1,22:24,U,5,,,885-36483,885-35199-1,MB 885-36483/4,,Nitrate-Nitrite as Nitrogen,DL,N,N,,,,885-36483,,,0.11,,9/23/2025,REG,,,,,,,,,10/9/2025,10/14/2025,N,10/16/2025,W,100,2736-08OCT25-LMW08,,,,,,,,
SAN-I-PW,HEAL,EPA:300.0,10/13/2025,SO4(-2),TRG,2.8,mg/L,0.5,W,885-35199-1,11:47,,1,,,885-36482,885-35199-1,MB 885-36482/4,,Sulfate,INIT,N,N,,,,885-36482,,,0.39,,9/23/2025,REG,,,,,,,,,10/9/2025,10/14/2025,N,10/16/2025,W,100,2736-08OCT25-LMW08,,,,,,,,
SAN-I-PW,HEAL,SM:5310B,10/15/2025,TOC,TRG,0.92,mg/L,1,W,885-35199-1,23:58,J,1,,,885-36779,885-35199-1,MB 885-36779/7,,Total Organic Carbon,INIT,N,N,,,,885-36779,,,0.46,,9/23/2025,REG,,,,,,,,,10/9/2025,10/14/2025,N,10/16/2025,W,100,2736-08OCT25-LMW08,,,,,,,,
SAN-I-PW,HEAL,SM:A2320B,10/13/2025,ALK,TRG,82,mg/L,20,W,885-35199-1,23:31,HH3,1,,,885-36643,885-35199-1,MB 885-36643/24,,Alkalinity,INIT,N,N,,,,885-36643,,,20,,9/23/2025,REG,,,,,,,,,10/9/2025,10/14/2025,N,10/16/2025,W,100,2736-08OCT25-LMW08,,,,,,,,
SAN-I-PW,HEAL,SM:A2320B,10/13/2025,HCO3(-1),TRG,82,mg/L,20,W,885-35199-1,23:31,HH3,1,,,885-36643,885-35199-1,MB 885-36643/24,,Bicarbonate,INIT,N,N,,,,885-36643,,,20,,9/23/2025,REG,,,,,,,,,10/9/2025,10/14/2025,N,10/16/2025,W,100,2736-08OCT25-LMW08,,,,,,,,
SAN-I-PW,HEAL,SM:A2320B,10/13/2025,CO3(-2),TRG,2,mg/L,2,W,885-35199-1,23:31,UHH3,1,,,885-36643,885-35199-1,MB 885-36643/24,,Carbonate,INIT,N,N,,,,885-36643,,,2,,9/23/2025,REG,,,,,,,,,10/9/2025,10/14/2025,N,10/16/2025,W,100,2736-08OCT25-LMW08,,,,,,,,
SAN-I-PW,HEAL,SM:A2540C,10/10/2025,TDS,TRG,170,mg/L,50,W,885-35199-1,9:34,HH3,1,,,885-36454,885-35199-1,MB 885-36454/1,,Total Dissolved Solids,INIT,N,N,,,,885-36454,,,25,,9/23/2025,REG,,,,,,,,,10/9/2025,10/14/2025,N,10/16/2025,W,100,2736-08OCT25-LMW08,,,,,,,,
SAN-I-RW,HEAL,EPA:300.0,10/13/2025,Br(-1),TRG,0.05,mg/L,0.1,W,885-35199-2,12:15,U,1,,,885-36482,885-35199-1,MB 885-36482/4,,Bromide,INIT,N,N,,,,885-36482,,,0.05,,9/22/2025,REG,,,,,,,,,10/9/2025,10/14/2025,N,10/16/2025,W,100,2736-08OCT25-LMW08,,,,,,,,
SAN-I-RW,HEAL,EPA:300.0,10/13/2025,Cl(-1),TRG,5.1,mg/L,0.5,W,885-35199-2,12:15,,1,,,885-36482,885-35199-1,MB 885-36482/4,,Chloride,INIT,N,N,,,,885-36482,,,0.25,,9/22/2025,REG,,,,,,,,,10/9/2025,10/14/2025,N,10/16/2025,W,100,2736-08OCT25-LMW08,,,,,,,,
SAN-I-RW,HEAL,EPA:300.0,10/13/2025,F(-1),TRG,0.23,mg/L,0.1,W,885-35199-2,12:15,,1,,,885-36482,885-35199-1,MB 885-36482/4,,Fluoride,INIT,N,N,,,,885-36482,,,0.046,,9/22/2025,REG,,,,,,,,,10/9/2025,10/14/2025,N,10/16/2025,W,100,2736-08OCT25-LMW08,,,,,,,,
SAN-I-RW,HEAL,EPA:300.0,10/13/2025,NO3+NO2-N,TRG,0.11,mg/L,1,W,885-35199-2,22:38,U,5,,,885-36483,885-35199-1,MB 885-36483/4,,Nitrate-Nitrite as Nitrogen,DL,N,N,,,,885-36483,,,0.11,,9/22/2025,REG,,,,,,,,,10/9/2025,10/14/2025,N,10/16/2025,W,100,2736-08OCT25-LMW08,,,,,,,,
SAN-I-RW,HEAL,EPA:300.0,10/13/2025,SO4(-2),TRG,6.6,mg/L,0.5,W,885-35199-2,12:15,,1,,,885-36482,885-35199-1,MB 885-36482/4,,Sulfate,INIT,N,N,,,,885-36482,,,0.39,,9/22/2025,REG,,,,,,,,,10/9/2025,10/14/2025,N,10/16/2025,W,100,2736-08OCT25-LMW08,,,,,,,,
SAN-I-RW,HEAL,SM:5310B,10/16/2025,TOC,TRG,0.68,mg/L,1,W,885-35199-2,0:14,J,1,,,885-36779,885-35199-1,MB 885-36779/7,,Total Organic Carbon,INIT,N,N,,,,885-36779,,,0.46,,9/22/2025,REG,,,,,,,,,10/9/2025,10/14/2025,N,10/16/2025,W,100,2736-08OCT25-LMW08,,,,,,,,
SAN-I-RW,HEAL,SM:A2320B,10/13/2025,ALK,TRG,91,mg/L,20,W,885-35199-2,23:39,HH3,1,,,885-36643,885-35199-1,MB 885-36643/24,,Alkalinity,INIT,N,N,,,,885-36643,,,20,,9/22/2025,REG,,,,,,,,,10/9/2025,10/14/2025,N,10/16/2025,W,100,2736-08OCT25-LMW08,,,,,,,,
SAN-I-RW,HEAL,SM:A2320B,10/13/2025,HCO3(-1),TRG,91,mg/L,20,W,885-35199-2,23:39,HH3,1,,,885-36643,885-35199-1,MB 885-36643/24,,Bicarbonate,INIT,N,N,,,,885-36643,,,20,,9/22/2025,REG,,,,,,,,,10/9/2025,10/14/2025,N,10/16/2025,W,100,2736-08OCT25-LMW08,,,,,,,,
SAN-I-RW,HEAL,SM:A2320B,10/13/2025,CO3(-2),TRG,2,mg/L,2,W,885-35199-2,23:39,UHH3,1,,,885-36643,885-35199-1,MB 885-36643/24,,Carbonate,INIT,N,N,,,,885-36643,,,2,,9/22/2025,REG,,,,,,,,,10/9/2025,10/14/2025,N,10/16/2025,W,100,2736-08OCT25-LMW08,,,,,,,,
SAN-I-RW,HEAL,SM:A2540C,10/10/2025,TDS,TRG,180,mg/L,50,W,885-35199-2,9:34,HH3,1,,,885-36454,885-35199-1,MB 885-36454/1,,Total Dissolved Solids,INIT,N,N,,,,885-36454,,,25,,9/22/2025,REG,,,,,,,,,10/9/2025,10/14/2025,N,10/16/2025,W,100,2736-08OCT25-LMW08,,,,,,,,
SAN-I-PW,GELC,SW-846:6020B,10/14/2025,AL,TRG,50.2,ug/L,50,W,747009001,13:55,,1,SW-846:3005A,10/10/2025,2878013,747009,1206262705,,Aluminum,INIT,N,N,,,,2878010,,8:05,19.3,,,9/23/2025,REG,50.2,ug/L,50.2,,,,,,,,10/9/2025,10/14/2025,Y,10/15/2025,N,100,,,,,2735-08OCT25-LMW08,"(T)202+201(B)+210(Al)+211(Be, Li, Se, U)"
SAN-I-PW,GELC,SW-846:6010D,10/10/2025,AL,TRG,68,ug/L,200,W,747009001,22:11,U,1,SW-846:3005A,10/10/2025,2878016,747009,1206262711,,Aluminum,INIT,N,N,,,,2878014,,7:45,68,,,9/23/2025,REG,52.9,ug/L,68,,,,,,,,10/9/2025,10/14/2025,Y,10/15/2025,N,100,,,,,2735-08OCT25-LMW08,"(T)202+201(B)+210(Al)+211(Be, Li, Se, U)"
SAN-I-PW,GELC,SW-846:6010D,10/10/2025,SB,TRG,3.5,ug/L,20,W,747009001,22:11,U,1,SW-846:3005A,10/10/2025,2878016,747009,1206262711,,Antimony,INIT,N,N,,,,2878014,,7:45,3.5,,,9/23/2025,REG,0.952,ug/L,3.5,,,,,,,,10/9/2025,10/14/2025,Y,10/15/2025,N,100,,,,,2735-08OCT25-LMW08,"(T)202+201(B)+210(Al)+211(Be, Li, Se, U)"
SAN-I-PW,GELC,SW-846:6010D,10/10/2025,AS,TRG,5,ug/L,30,W,747009001,22:11,U,1,SW-846:3005A,10/10/2025,2878016,747009,1206262711,,Arsenic,INIT,N,N,,,,2878014,,7:45,5,,,9/23/2025,REG,1.75,ug/L,5,,,,,,,,10/9/2025,10/14/2025,Y,10/15/2025,N,100,,,,,2735-08OCT25-LMW08,"(T)202+201(B)+210(Al)+211(Be, Li, Se, U)"
SAN-I-PW,GELC,SW-846:6010D,10/10/2025,BA,TRG,28.3,ug/L,5,W,747009001,22:11,,1,SW-846:3005A,10/10/2025,2878016,747009,1206262711,,Barium,INIT,N,N,,,,2878014,,7:45,1,,,9/23/2025,REG,28.3,ug/L,28.3,,,,,,,,10/9/2025,10/14/2025,Y,10/15/2025,N,100,,,,,2735-08OCT25-LMW08,"(T)202+201(B)+210(Al)+211(Be, Li, Se, U)"
SAN-I-PW,GELC,SW-846:6010D,10/10/2025,BE,TRG,1,ug/L,5,W,747009001,22:11,U,1,SW-846:3005A,10/10/2025,2878016,747009,1206262711,,Beryllium,INIT,N,N,,,,2878014,,7:45,1,,,9/23/2025,REG,0.0307,ug/L,1,,,,,,,,10/9/2025,10/14/2025,Y,10/15/2025,N,100,,,,,2735-08OCT25-LMW08,"(T)202+201(B)+210(Al)+211(Be, Li, Se, U)"
SAN-I-PW,GELC,SW-846:6020B,10/14/2025,BE,TRG,0.2,ug/L,0.5,W,747009001,15:14,U,1,SW-846:3005A,10/10/2025,2878013,747009,1206262705,,Beryllium,INIT,N,N,,,,2878010,,8:05,0.2,,,9/23/2025,REG,0.036,ug/L,0.2,,,,,,,,10/9/2025,10/14/2025,Y,10/15/2025,N,100,,,,,2735-08OCT25-LMW08,"(T)202+201(B)+210(Al)+211(Be, Li, Se, U)"
SAN-I-PW,GELC,SW-846:6010D,10/10/2025,B,TRG,23.6,ug/L,50,W,747009001,22:11,J,1,SW-846:3005A,10/10/2025,2878016,747009,1206262711,,Boron,INIT,N,N,,,,2878014,,7:45,15,,,9/23/2025,REG,23.6,ug/L,23.6,,,,,,,,10/9/2025,10/14/2025,Y,10/15/2025,N,100,,,,,2735-08OCT25-LMW08,"(T)202+201(B)+210(Al)+211(Be, Li, Se, U)"
SAN-I-PW,GELC,SW-846:6010D,10/10/2025,CD,TRG,1,ug/L,5,W,747009001,22:11,U,1,SW-846:3005A,10/10/2025,2878016,747009,1206262711,,Cadmium,INIT,N,N,,,,2878014,,7:45,1,,,9/23/2025,REG,0.226,ug/L,1,,,,,,,,10/9/2025,10/14/2025,Y,10/15/2025,N,100,,,,,2735-08OCT25-LMW08,"(T)202+201(B)+210(Al)+211(Be, Li, Se, U)"
SAN-I-PW,GELC,SW-846:6010D,10/10/2025,CA,TRG,13400,ug/L,200,W,747009001,22:11,,1,SW-846:3005A,10/10/2025,2878016,747009,1206262711,,Calcium,INIT,N,N,,,,2878014,,7:45,50,,,9/23/2025,REG,13400,ug/L,13400,,,,,,,,10/9/2025,10/14/2025,Y,10/15/2025,N,100,,,,,2735-08OCT25-LMW08,"(T)202+201(B)+210(Al)+211(Be, Li, Se, U)"
SAN-I-PW,GELC,SW-846:6010D,10/10/2025,CR,TRG,4.99,ug/L,10,W,747009001,22:11,J,1,SW-846:3005A,10/10/2025,2878016,747009,1206262711,,Chromium,INIT,N,N,,,,2878014,,7:45,1,,,9/23/2025,REG,4.99,ug/L,4.99,,,,,,,,10/9/2025,10/14/2025,Y,10/15/2025,N,100,,,,,2735-08OCT25-LMW08,"(T)202+201(B)+210(Al)+211(Be, Li, Se, U)"
SAN-I-PW,GELC,SW-846:6010D,10/10/2025,CO,TRG,1,ug/L,5,W,747009001,22:11,U,1,SW-846:3005A,10/10/2025,2878016,747009,1206262711,,Cobalt,INIT,N,N,,,,2878014,,7:45,1,,,9/23/2025,REG,-0.149,ug/L,1,,,,,,,,10/9/2025,10/14/2025,Y,10/15/2025,N,100,,,,,2735-08OCT25-LMW08,"(T)202+201(B)+210(Al)+211(Be, Li, Se, U)"
SAN-I-PW,GELC,SW-846:6010D,10/10/2025,CU,TRG,10.3,ug/L,20,W,747009001,22:11,J,1,SW-846:3005A,10/10/2025,2878016,747009,1206262711,,Copper,INIT,N,N,,,,2878014,,7:45,3,,,9/23/2025,REG,10.3,ug/L,10.3,,,,,,,,10/9/2025,10/14/2025,Y,10/15/2025,N,100,,,,,2735-08OCT25-LMW08,"(T)202+201(B)+210(Al)+211(Be, Li, Se, U)"
SAN-I-PW,GELC,SW-846:6010D,10/10/2025,FE,TRG,824,ug/L,100,W,747009001,22:11,,1,SW-846:3005A,10/10/2025,2878016,747009,1206262711,,Iron,INIT,N,N,,,,2878014,,7:45,30,,,9/23/2025,REG,824,ug/L,824,,,,,,,,10/9/2025,10/14/2025,Y,10/15/2025,N,100,,,,,2735-08OCT25-LMW08,"(T)202+201(B)+210(Al)+211(Be, Li, Se, U)"
SAN-I-PW,GELC,SW-846:6010D,10/10/2025,PB,TRG,7.64,ug/L,20,W,747009001,22:11,J,1,SW-846:3005A,10/10/2025,2878016,747009,1206262711,,Lead,INIT,N,N,,,,2878014,,7:45,3.3,,,9/23/2025,REG,7.64,ug/L,7.64,,,,,,,,10/9/2025,10/14/2025,Y,10/15/2025,N,100,,,,,2735-08OCT25-LMW08,"(T)202+201(B)+210(Al)+211(Be, Li, Se, U)"
SAN-I-PW,GELC,SW-846:6020B,10/14/2025,LI,TRG,26.7,ug/L,10,W,747009001,13:55,,1,SW-846:3005A,10/10/2025,2878013,747009,1206262705,,Lithium,INIT,N,N,,,,2878010,,8:05,3,,,9/23/2025,REG,26.7,ug/L,26.7,,,,,,,,10/9/2025,10/14/2025,Y,10/15/2025,N,100,,,,,2735-08OCT25-LMW08,"(T)202+201(B)+210(Al)+211(Be, Li, Se, U)"
SAN-I-PW,GELC,SW-846:6010D,10/10/2025,MG,TRG,4060,ug/L,300,W,747009001,22:11,,1,SW-846:3005A,10/10/2025,2878016,747009,1206262711,,Magnesium,INIT,N,N,,,,2878014,,7:45,110,,,9/23/2025,REG,4060,ug/L,4060,,,,,,,,10/9/2025,10/14/2025,Y,10/15/2025,N,100,,,,,2735-08OCT25-LMW08,"(T)202+201(B)+210(Al)+211(Be, Li, Se, U)"
SAN-I-PW,GELC,SW-846:6010D,10/10/2025,MN,TRG,13,ug/L,10,W,747009001,22:11,,1,SW-846:3005A,10/10/2025,2878016,747009,1206262711,,Manganese,INIT,N,N,,,,2878014,,7:45,2,,,9/23/2025,REG,13,ug/L,13,,,,,,,,10/9/2025,10/14/2025,Y,10/15/2025,N,100,,,,,2735-08OCT25-LMW08,"(T)202+201(B)+210(Al)+211(Be, Li, Se, U)"
SAN-I-PW,GELC,SW-846:7470A,10/13/2025,HG,TRG,0.067,ug/L,0.2,W,747009001,11:23,U,1,SW-846:7470A Prep,10/10/2025,2878181,747009,1206263011,,Mercury,INIT,N,N,,,,2878179,,12:05,0.067,,,9/23/2025,REG,-0.015,ug/L,0.067,,,,,,,,10/9/2025,10/14/2025,Y,10/15/2025,N,100,,,,,2735-08OCT25-LMW08,"(T)202+201(B)+210(Al)+211(Be, Li, Se, U)"
SAN-I-PW,GELC,SW-846:6010D,10/10/2025,NI,TRG,1.5,ug/L,5,W,747009001,22:11,U,1,SW-846:3005A,10/10/2025,2878016,747009,1206262711,,Nickel,INIT,N,N,,,,2878014,,7:45,1.5,,,9/23/2025,REG,1.27,ug/L,1.5,,,,,,,,10/9/2025,10/14/2025,Y,10/15/2025,N,100,,,,,2735-08OCT25-LMW08,"(T)202+201(B)+210(Al)+211(Be, Li, Se, U)"
SAN-I-PW,GELC,SW-846:6010D,10/10/2025,K,TRG,2490,ug/L,250,W,747009001,22:11,,1,SW-846:3005A,10/10/2025,2878016,747009,1206262711,,Potassium,INIT,N,N,,,,2878014,,7:45,50,,,9/23/2025,REG,2490,ug/L,2490,,,,,,,,10/9/2025,10/14/2025,Y,10/15/2025,N,100,,,,,2735-08OCT25-LMW08,"(T)202+201(B)+210(Al)+211(Be, Li, Se, U)"
SAN-I-PW,GELC,SW-846:6010D,10/10/2025,SE,TRG,6,ug/L,30,W,747009001,22:11,U,1,SW-846:3005A,10/10/2025,2878016,747009,1206262711,,Selenium,INIT,N,N,,,,2878014,,7:45,6,,,9/23/2025,REG,-9.26,ug/L,6,,,,,,,,10/9/2025,10/14/2025,Y,10/15/2025,N,100,,,,,2735-08OCT25-LMW08,"(T)202+201(B)+210(Al)+211(Be, Li, Se, U)"
SAN-I-PW,GELC,SW-846:6020B,10/14/2025,SE,TRG,1.5,ug/L,5,W,747009001,13:55,U,1,SW-846:3005A,10/10/2025,2878013,747009,1206262705,,Selenium,INIT,N,N,,,,2878010,,8:05,1.5,,,9/23/2025,REG,0.251,ug/L,1.5,,,,,,,,10/9/2025,10/14/2025,Y,10/15/2025,N,100,,,,,2735-08OCT25-LMW08,"(T)202+201(B)+210(Al)+211(Be, Li, Se, U)"
SAN-I-PW,GELC,SW-846:6010D,10/10/2025,AG,TRG,1,ug/L,5,W,747009001,22:11,U,1,SW-846:3005A,10/10/2025,2878016,747009,1206262711,,Silver,INIT,N,N,,,,2878014,,7:45,1,,,9/23/2025,REG,0.0743,ug/L,1,,,,,,,,10/9/2025,10/14/2025,Y,10/15/2025,N,100,,,,,2735-08OCT25-LMW08,"(T)202+201(B)+210(Al)+211(Be, Li, Se, U)"
SAN-I-PW,GELC,SW-846:6010D,10/10/2025,NA,TRG,13000,ug/L,300,W,747009001,22:11,,1,SW-846:3005A,10/10/2025,2878016,747009,1206262711,,Sodium,INIT,N,N,,,,2878014,,7:45,100,,,9/23/2025,REG,13000,ug/L,13000,,,,,,,,10/9/2025,10/14/2025,Y,10/15/2025,N,100,,,,,2735-08OCT25-LMW08,"(T)202+201(B)+210(Al)+211(Be, Li, Se, U)"
SAN-I-PW,GELC,SW-846:6010D,10/10/2025,TL,TRG,5,ug/L,20,W,747009001,22:11,U,1,SW-846:3005A,10/10/2025,2878016,747009,1206262711,,Thallium,INIT,N,N,,,,2878014,,7:45,5,,,9/23/2025,REG,-0.643,ug/L,5,,,,,,,,10/9/2025,10/14/2025,Y,10/15/2025,N,100,,,,,2735-08OCT25-LMW08,"(T)202+201(B)+210(Al)+211(Be, Li, Se, U)"
SAN-I-PW,GELC,SW-846:6020B,10/14/2025,U,TRG,0.477,ug/L,0.2,W,747009001,13:55,,1,SW-846:3005A,10/10/2025,2878013,747009,1206262705,,Uranium,INIT,N,N,,,,2878010,,8:05,0.067,,,9/23/2025,REG,0.477,ug/L,0.477,,,,,,,,10/9/2025,10/14/2025,Y,10/15/2025,N,100,,,,,2735-08OCT25-LMW08,"(T)202+201(B)+210(Al)+211(Be, Li, Se, U)"
SAN-I-PW,GELC,SW-846:6010D,10/10/2025,V,TRG,11.3,ug/L,5,W,747009001,22:11,,1,SW-846:3005A,10/10/2025,2878016,747009,1206262711,,Vanadium,INIT,N,N,,,,2878014,,7:45,1,,,9/23/2025,REG,11.3,ug/L,11.3,,,,,,,,10/9/2025,10/14/2025,Y,10/15/2025,N,100,,,,,2735-08OCT25-LMW08,"(T)202+201(B)+210(Al)+211(Be, Li, Se, U)"
SAN-I-PW,GELC,SW-846:6010D,10/10/2025,ZN,TRG,118,ug/L,20,W,747009001,22:11,,1,SW-846:3005A,10/10/2025,2878016,747009,1206262711,,Zinc,INIT,N,N,,,,2878014,,7:45,3.3,,,9/23/2025,REG,118,ug/L,118,,,,,,,,10/9/2025,10/14/2025,Y,10/15/2025,N,100,,,,,2735-08OCT25-LMW08,"(T)202+201(B)+210(Al)+211(Be, Li, Se, U)"
SAN-I-PW,GELC,SW-846:6020B,10/14/2025,AL,TRG,19.3,ug/L,50,W,747009002,13:58,U,1,SW-846:3005A,10/10/2025,2878013,747009,1206262705,,Aluminum,INIT,Y,N,,,,2878010,,8:05,19.3,,,9/23/2025,REG,11.6,ug/L,19.3,,,,,,,,10/9/2025,10/14/2025,Y,10/15/2025,N,100,,,,,2735-08OCT25-LMW08,"(D)202+201(B)+210(Al)+211(Be, Li, Se, U)"
SAN-I-PW,GELC,SW-846:6010D,10/10/2025,AL,TRG,68,ug/L,200,W,747009002,22:13,U,1,SW-846:3005A,10/10/2025,2878016,747009,1206262711,,Aluminum,INIT,Y,N,,,,2878014,,7:45,68,,,9/23/2025,REG,18.7,ug/L,68,,,,,,,,10/9/2025,10/14/2025,Y,10/15/2025,N,100,,,,,2735-08OCT25-LMW08,"(D)202+201(B)+210(Al)+211(Be, Li, Se, U)"
SAN-I-PW,GELC,SW-846:6010D,10/10/2025,SB,TRG,3.5,ug/L,20,W,747009002,22:13,U,1,SW-846:3005A,10/10/2025,2878016,747009,1206262711,,Antimony,INIT,Y,N,,,,2878014,,7:45,3.5,,,9/23/2025,REG,2,ug/L,3.5,,,,,,,,10/9/2025,10/14/2025,Y,10/15/2025,N,100,,,,,2735-08OCT25-LMW08,"(D)202+201(B)+210(Al)+211(Be, Li, Se, U)"
SAN-I-PW,GELC,SW-846:6010D,10/10/2025,AS,TRG,5,ug/L,30,W,747009002,22:13,U,1,SW-846:3005A,10/10/2025,2878016,747009,1206262711,,Arsenic,INIT,Y,N,,,,2878014,,7:45,5,,,9/23/2025,REG,-0.222,ug/L,5,,,,,,,,10/9/2025,10/14/2025,Y,10/15/2025,N,100,,,,,2735-08OCT25-LMW08,"(D)202+201(B)+210(Al)+211(Be, Li, Se, U)"
SAN-I-PW,GELC,SW-846:6010D,10/10/2025,BA,TRG,27.9,ug/L,5,W,747009002,22:13,,1,SW-846:3005A,10/10/2025,2878016,747009,1206262711,,Barium,INIT,Y,N,,,,2878014,,7:45,1,,,9/23/2025,REG,27.9,ug/L,27.9,,,,,,,,10/9/2025,10/14/2025,Y,10/15/2025,N,100,,,,,2735-08OCT25-LMW08,"(D)202+201(B)+210(Al)+211(Be, Li, Se, U)"
SAN-I-PW,GELC,SW-846:6010D,10/10/2025,BE,TRG,1,ug/L,5,W,747009002,22:13,U,1,SW-846:3005A,10/10/2025,2878016,747009,1206262711,,Beryllium,INIT,Y,N,,,,2878014,,7:45,1,,,9/23/2025,REG,0.0129,ug/L,1,,,,,,,,10/9/2025,10/14/2025,Y,10/15/2025,N,100,,,,,2735-08OCT25-LMW08,"(D)202+201(B)+210(Al)+211(Be, Li, Se, U)"
SAN-I-PW,GELC,SW-846:6020B,10/14/2025,BE,TRG,0.2,ug/L,0.5,W,747009002,15:15,U,1,SW-846:3005A,10/10/2025,2878013,747009,1206262705,,Beryllium,INIT,Y,N,,,,2878010,,8:05,0.2,,,9/23/2025,REG,0.001,ug/L,0.2,,,,,,,,10/9/2025,10/14/2025,Y,10/15/2025,N,100,,,,,2735-08OCT25-LMW08,"(D)202+201(B)+210(Al)+211(Be, Li, Se, U)"
SAN-I-PW,GELC,SW-846:6010D,10/10/2025,B,TRG,25.2,ug/L,50,W,747009002,22:13,J,1,SW-846:3005A,10/10/2025,2878016,747009,1206262711,,Boron,INIT,Y,N,,,,2878014,,7:45,15,,,9/23/2025,REG,25.2,ug/L,25.2,,,,,,,,10/9/2025,10/14/2025,Y,10/15/2025,N,100,,,,,2735-08OCT25-LMW08,"(D)202+201(B)+210(Al)+211(Be, Li, Se, U)"
SAN-I-PW,GELC,SW-846:6010D,10/10/2025,CD,TRG,1,ug/L,5,W,747009002,22:13,U,1,SW-846:3005A,10/10/2025,2878016,747009,1206262711,,Cadmium,INIT,Y,N,,,,2878014,,7:45,1,,,9/23/2025,REG,0.275,ug/L,1,,,,,,,,10/9/2025,10/14/2025,Y,10/15/2025,N,100,,,,,2735-08OCT25-LMW08,"(D)202+201(B)+210(Al)+211(Be, Li, Se, U)"
SAN-I-PW,GELC,SW-846:6010D,10/10/2025,CA,TRG,13800,ug/L,200,W,747009002,22:13,,1,SW-846:3005A,10/10/2025,2878016,747009,1206262711,,Calcium,INIT,Y,N,,,,2878014,,7:45,50,,,9/23/2025,REG,13800,ug/L,13800,,,,,,,,10/9/2025,10/14/2025,Y,10/15/2025,N,100,,,,,2735-08OCT25-LMW08,"(D)202+201(B)+210(Al)+211(Be, Li, Se, U)"
SAN-I-PW,GELC,SW-846:6010D,10/10/2025,CR,TRG,5.15,ug/L,10,W,747009002,22:13,J,1,SW-846:3005A,10/10/2025,2878016,747009,1206262711,,Chromium,INIT,Y,N,,,,2878014,,7:45,1,,,9/23/2025,REG,5.15,ug/L,5.15,,,,,,,,10/9/2025,10/14/2025,Y,10/15/2025,N,100,,,,,2735-08OCT25-LMW08,"(D)202+201(B)+210(Al)+211(Be, Li, Se, U)"
SAN-I-PW,GELC,SW-846:6010D,10/10/2025,CO,TRG,1,ug/L,5,W,747009002,22:13,U,1,SW-846:3005A,10/10/2025,2878016,747009,1206262711,,Cobalt,INIT,Y,N,,,,2878014,,7:45,1,,,9/23/2025,REG,-0.258,ug/L,1,,,,,,,,10/9/2025,10/14/2025,Y,10/15/2025,N,100,,,,,2735-08OCT25-LMW08,"(D)202+201(B)+210(Al)+211(Be, Li, Se, U)"
SAN-I-PW,GELC,SW-846:6010D,10/10/2025,CU,TRG,8.26,ug/L,20,W,747009002,22:13,J,1,SW-846:3005A,10/10/2025,2878016,747009,1206262711,,Copper,INIT,Y,N,,,,2878014,,7:45,3,,,9/23/2025,REG,8.26,ug/L,8.26,,,,,,,,10/9/2025,10/14/2025,Y,10/15/2025,N,100,,,,,2735-08OCT25-LMW08,"(D)202+201(B)+210(Al)+211(Be, Li, Se, U)"
SAN-I-PW,GELC,SW-846:6010D,10/10/2025,FE,TRG,673,ug/L,100,W,747009002,22:13,,1,SW-846:3005A,10/10/2025,2878016,747009,1206262711,,Iron,INIT,Y,N,,,,2878014,,7:45,30,,,9/23/2025,REG,673,ug/L,673,,,,,,,,10/9/2025,10/14/2025,Y,10/15/2025,N,100,,,,,2735-08OCT25-LMW08,"(D)202+201(B)+210(Al)+211(Be, Li, Se, U)"
SAN-I-PW,GELC,SW-846:6010D,10/10/2025,PB,TRG,5.93,ug/L,20,W,747009002,22:13,J,1,SW-846:3005A,10/10/2025,2878016,747009,1206262711,,Lead,INIT,Y,N,,,,2878014,,7:45,3.3,,,9/23/2025,REG,5.93,ug/L,5.93,,,,,,,,10/9/2025,10/14/2025,Y,10/15/2025,N,100,,,,,2735-08OCT25-LMW08,"(D)202+201(B)+210(Al)+211(Be, Li, Se, U)"
SAN-I-PW,GELC,SW-846:6020B,10/14/2025,LI,TRG,27.1,ug/L,10,W,747009002,13:58,,1,SW-846:3005A,10/10/2025,2878013,747009,1206262705,,Lithium,INIT,Y,N,,,,2878010,,8:05,3,,,9/23/2025,REG,27.1,ug/L,27.1,,,,,,,,10/9/2025,10/14/2025,Y,10/15/2025,N,100,,,,,2735-08OCT25-LMW08,"(D)202+201(B)+210(Al)+211(Be, Li, Se, U)"
SAN-I-PW,GELC,SW-846:6010D,10/10/2025,MG,TRG,4270,ug/L,300,W,747009002,22:13,,1,SW-846:3005A,10/10/2025,2878016,747009,1206262711,,Magnesium,INIT,Y,N,,,,2878014,,7:45,110,,,9/23/2025,REG,4270,ug/L,4270,,,,,,,,10/9/2025,10/14/2025,Y,10/15/2025,N,100,,,,,2735-08OCT25-LMW08,"(D)202+201(B)+210(Al)+211(Be, Li, Se, U)"
SAN-I-PW,GELC,SW-846:6010D,10/10/2025,MN,TRG,11.5,ug/L,10,W,747009002,22:13,,1,SW-846:3005A,10/10/2025,2878016,747009,1206262711,,Manganese,INIT,Y,N,,,,2878014,,7:45,2,,,9/23/2025,REG,11.5,ug/L,11.5,,,,,,,,10/9/2025,10/14/2025,Y,10/15/2025,N,100,,,,,2735-08OCT25-LMW08,"(D)202+201(B)+210(Al)+211(Be, Li, Se, U)"
SAN-I-PW,GELC,SW-846:7470A,10/13/2025,HG,TRG,0.067,ug/L,0.2,W,747009002,11:24,U,1,SW-846:7470A Prep,10/10/2025,2878181,747009,1206263011,,Mercury,INIT,Y,N,,,,2878179,,12:05,0.067,,,9/23/2025,REG,-0.018,ug/L,0.067,,,,,,,,10/9/2025,10/14/2025,Y,10/15/2025,N,100,,,,,2735-08OCT25-LMW08,"(D)202+201(B)+210(Al)+211(Be, Li, Se, U)"
SAN-I-PW,GELC,SW-846:6010D,10/10/2025,NI,TRG,1.5,ug/L,5,W,747009002,22:13,U,1,SW-846:3005A,10/10/2025,2878016,747009,1206262711,,Nickel,INIT,Y,N,,,,2878014,,7:45,1.5,,,9/23/2025,REG,0.929,ug/L,1.5,,,,,,,,10/9/2025,10/14/2025,Y,10/15/2025,N,100,,,,,2735-08OCT25-LMW08,"(D)202+201(B)+210(Al)+211(Be, Li, Se, U)"
SAN-I-PW,GELC,SW-846:6010D,10/10/2025,K,TRG,2510,ug/L,250,W,747009002,22:13,,1,SW-846:3005A,10/10/2025,2878016,747009,1206262711,,Potassium,INIT,Y,N,,,,2878014,,7:45,50,,,9/23/2025,REG,2510,ug/L,2510,,,,,,,,10/9/2025,10/14/2025,Y,10/15/2025,N,100,,,,,2735-08OCT25-LMW08,"(D)202+201(B)+210(Al)+211(Be, Li, Se, U)"
SAN-I-PW,GELC,SW-846:6010D,10/10/2025,SE,TRG,6,ug/L,30,W,747009002,22:13,U,1,SW-846:3005A,10/10/2025,2878016,747009,1206262711,,Selenium,INIT,Y,N,,,,2878014,,7:45,6,,,9/23/2025,REG,-5.47,ug/L,6,,,,,,,,10/9/2025,10/14/2025,Y,10/15/2025,N,100,,,,,2735-08OCT25-LMW08,"(D)202+201(B)+210(Al)+211(Be, Li, Se, U)"
SAN-I-PW,GELC,SW-846:6020B,10/14/2025,SE,TRG,1.5,ug/L,5,W,747009002,13:58,U,1,SW-846:3005A,10/10/2025,2878013,747009,1206262705,,Selenium,INIT,Y,N,,,,2878010,,8:05,1.5,,,9/23/2025,REG,0.355,ug/L,1.5,,,,,,,,10/9/2025,10/14/2025,Y,10/15/2025,N,100,,,,,2735-08OCT25-LMW08,"(D)202+201(B)+210(Al)+211(Be, Li, Se, U)"
SAN-I-PW,GELC,SW-846:6010D,10/10/2025,AG,TRG,1,ug/L,5,W,747009002,22:13,U,1,SW-846:3005A,10/10/2025,2878016,747009,1206262711,,Silver,INIT,Y,N,,,,2878014,,7:45,1,,,9/23/2025,REG,-0.581,ug/L,1,,,,,,,,10/9/2025,10/14/2025,Y,10/15/2025,N,100,,,,,2735-08OCT25-LMW08,"(D)202+201(B)+210(Al)+211(Be, Li, Se, U)"
SAN-I-PW,GELC,SW-846:6010D,10/10/2025,NA,TRG,13700,ug/L,300,W,747009002,22:13,,1,SW-846:3005A,10/10/2025,2878016,747009,1206262711,,Sodium,INIT,Y,N,,,,2878014,,7:45,100,,,9/23/2025,REG,13700,ug/L,13700,,,,,,,,10/9/2025,10/14/2025,Y,10/15/2025,N,100,,,,,2735-08OCT25-LMW08,"(D)202+201(B)+210(Al)+211(Be, Li, Se, U)"
SAN-I-PW,GELC,SW-846:6010D,10/10/2025,TL,TRG,5,ug/L,20,W,747009002,22:13,U,1,SW-846:3005A,10/10/2025,2878016,747009,1206262711,,Thallium,INIT,Y,N,,,,2878014,,7:45,5,,,9/23/2025,REG,0.823,ug/L,5,,,,,,,,10/9/2025,10/14/2025,Y,10/15/2025,N,100,,,,,2735-08OCT25-LMW08,"(D)202+201(B)+210(Al)+211(Be, Li, Se, U)"
SAN-I-PW,GELC,SW-846:6020B,10/14/2025,U,TRG,0.49,ug/L,0.2,W,747009002,13:58,,1,SW-846:3005A,10/10/2025,2878013,747009,1206262705,,Uranium,INIT,Y,N,,,,2878010,,8:05,0.067,,,9/23/2025,REG,0.49,ug/L,0.49,,,,,,,,10/9/2025,10/14/2025,Y,10/15/2025,N,100,,,,,2735-08OCT25-LMW08,"(D)202+201(B)+210(Al)+211(Be, Li, Se, U)"
SAN-I-PW,GELC,SW-846:6010D,10/10/2025,V,TRG,11.5,ug/L,5,W,747009002,22:13,,1,SW-846:3005A,10/10/2025,2878016,747009,1206262711,,Vanadium,INIT,Y,N,,,,2878014,,7:45,1,,,9/23/2025,REG,11.5,ug/L,11.5,,,,,,,,10/9/2025,10/14/2025,Y,10/15/2025,N,100,,,,,2735-08OCT25-LMW08,"(D)202+201(B)+210(Al)+211(Be, Li, Se, U)"
SAN-I-PW,GELC,SW-846:6010D,10/10/2025,ZN,TRG,101,ug/L,20,W,747009002,22:13,,1,SW-846:3005A,10/10/2025,2878016,747009,1206262711,,Zinc,INIT,Y,N,,,,2878014,,7:45,3.3,,,9/23/2025,REG,101,ug/L,101,,,,,,,,10/9/2025,10/14/2025,Y,10/15/2025,N,100,,,,,2735-08OCT25-LMW08,"(D)202+201(B)+210(Al)+211(Be, Li, Se, U)"
SAN-I-RW,GELC,SW-846:6020B,10/14/2025,AL,TRG,9260,ug/L,50,W,747009003,14:01,,1,SW-846:3005A,10/10/2025,2878013,747009,1206262705,,Aluminum,INIT,N,N,,,,2878010,,8:05,19.3,,,9/22/2025,REG,9260,ug/L,9260,,,,,,,,10/9/2025,10/14/2025,Y,10/15/2025,N,100,,,,,2735-08OCT25-LMW08,"(T)202+201(B)+210(Al)+211(Be, Li, Se, U)"
SAN-I-RW,GELC,SW-846:6010D,10/10/2025,AL,TRG,8520,ug/L,200,W,747009003,22:16,,1,SW-846:3005A,10/10/2025,2878016,747009,1206262711,,Aluminum,INIT,N,N,,,,2878014,,7:45,68,,,9/22/2025,REG,8520,ug/L,8520,,,,,,,,10/9/2025,10/14/2025,Y,10/15/2025,N,100,,,,,2735-08OCT25-LMW08,"(T)202+201(B)+210(Al)+211(Be, Li, Se, U)"
SAN-I-RW,GELC,SW-846:6010D,10/10/2025,SB,TRG,3.5,ug/L,20,W,747009003,22:16,U,1,SW-846:3005A,10/10/2025,2878016,747009,1206262711,,Antimony,INIT,N,N,,,,2878014,,7:45,3.5,,,9/22/2025,REG,2.3,ug/L,3.5,,,,,,,,10/9/2025,10/14/2025,Y,10/15/2025,N,100,,,,,2735-08OCT25-LMW08,"(T)202+201(B)+210(Al)+211(Be, Li, Se, U)"
SAN-I-RW,GELC,SW-846:6010D,10/10/2025,AS,TRG,5,ug/L,30,W,747009003,22:16,U,1,SW-846:3005A,10/10/2025,2878016,747009,1206262711,,Arsenic,INIT,N,N,,,,2878014,,7:45,5,,,9/22/2025,REG,4.71,ug/L,5,,,,,,,,10/9/2025,10/14/2025,Y,10/15/2025,N,100,,,,,2735-08OCT25-LMW08,"(T)202+201(B)+210(Al)+211(Be, Li, Se, U)"
SAN-I-RW,GELC,SW-846:6010D,10/10/2025,BA,TRG,136,ug/L,5,W,747009003,22:16,,1,SW-846:3005A,10/10/2025,2878016,747009,1206262711,,Barium,INIT,N,N,,,,2878014,,7:45,1,,,9/22/2025,REG,136,ug/L,136,,,,,,,,10/9/2025,10/14/2025,Y,10/15/2025,N,100,,,,,2735-08OCT25-LMW08,"(T)202+201(B)+210(Al)+211(Be, Li, Se, U)"
SAN-I-RW,GELC,SW-846:6010D,10/10/2025,BE,TRG,1,ug/L,5,W,747009003,22:16,U,1,SW-846:3005A,10/10/2025,2878016,747009,1206262711,,Beryllium,INIT,N,N,,,,2878014,,7:45,1,,,9/22/2025,REG,-0.308,ug/L,1,,,,,,,,10/9/2025,10/14/2025,Y,10/15/2025,N,100,,,,,2735-08OCT25-LMW08,"(T)202+201(B)+210(Al)+211(Be, Li, Se, U)"
SAN-I-RW,GELC,SW-846:6020B,10/14/2025,BE,TRG,0.345,ug/L,0.5,W,747009003,15:16,J,1,SW-846:3005A,10/10/2025,2878013,747009,1206262705,,Beryllium,INIT,N,N,,,,2878010,,8:05,0.2,,,9/22/2025,REG,0.345,ug/L,0.345,,,,,,,,10/9/2025,10/14/2025,Y,10/15/2025,N,100,,,,,2735-08OCT25-LMW08,"(T)202+201(B)+210(Al)+211(Be, Li, Se, U)"
SAN-I-RW,GELC,SW-846:6010D,10/10/2025,B,TRG,58.9,ug/L,50,W,747009003,22:16,,1,SW-846:3005A,10/10/2025,2878016,747009,1206262711,,Boron,INIT,N,N,,,,2878014,,7:45,15,,,9/22/2025,REG,58.9,ug/L,58.9,,,,,,,,10/9/2025,10/14/2025,Y,10/15/2025,N,100,,,,,2735-08OCT25-LMW08,"(T)202+201(B)+210(Al)+211(Be, Li, Se, U)"
SAN-I-RW,GELC,SW-846:6010D,10/10/2025,CD,TRG,1,ug/L,5,W,747009003,22:16,U,1,SW-846:3005A,10/10/2025,2878016,747009,1206262711,,Cadmium,INIT,N,N,,,,2878014,,7:45,1,,,9/22/2025,REG,0.0621,ug/L,1,,,,,,,,10/9/2025,10/14/2025,Y,10/15/2025,N,100,,,,,2735-08OCT25-LMW08,"(T)202+201(B)+210(Al)+211(Be, Li, Se, U)"
SAN-I-RW,GELC,SW-846:6010D,10/10/2025,CA,TRG,20400,ug/L,200,W,747009003,22:16,,1,SW-846:3005A,10/10/2025,2878016,747009,1206262711,,Calcium,INIT,N,N,,,,2878014,,7:45,50,,,9/22/2025,REG,20400,ug/L,20400,,,,,,,,10/9/2025,10/14/2025,Y,10/15/2025,N,100,,,,,2735-08OCT25-LMW08,"(T)202+201(B)+210(Al)+211(Be, Li, Se, U)"
SAN-I-RW,GELC,SW-846:6010D,10/10/2025,CR,TRG,5.77,ug/L,10,W,747009003,22:16,J,1,SW-846:3005A,10/10/2025,2878016,747009,1206262711,,Chromium,INIT,N,N,,,,2878014,,7:45,1,,,9/22/2025,REG,5.77,ug/L,5.77,,,,,,,,10/9/2025,10/14/2025,Y,10/15/2025,N,100,,,,,2735-08OCT25-LMW08,"(T)202+201(B)+210(Al)+211(Be, Li, Se, U)"
SAN-I-RW,GELC,SW-846:6010D,10/10/2025,CO,TRG,2.98,ug/L,5,W,747009003,22:16,J,1,SW-846:3005A,10/10/2025,2878016,747009,1206262711,,Cobalt,INIT,N,N,,,,2878014,,7:45,1,,,9/22/2025,REG,2.98,ug/L,2.98,,,,,,,,10/9/2025,10/14/2025,Y,10/15/2025,N,100,,,,,2735-08OCT25-LMW08,"(T)202+201(B)+210(Al)+211(Be, Li, Se, U)"
SAN-I-RW,GELC,SW-846:6010D,10/10/2025,CU,TRG,12.7,ug/L,20,W,747009003,22:16,J,1,SW-846:3005A,10/10/2025,2878016,747009,1206262711,,Copper,INIT,N,N,,,,2878014,,7:45,3,,,9/22/2025,REG,12.7,ug/L,12.7,,,,,,,,10/9/2025,10/14/2025,Y,10/15/2025,N,100,,,,,2735-08OCT25-LMW08,"(T)202+201(B)+210(Al)+211(Be, Li, Se, U)"
SAN-I-RW,GELC,SW-846:6010D,10/10/2025,FE,TRG,5400,ug/L,100,W,747009003,22:16,,1,SW-846:3005A,10/10/2025,2878016,747009,1206262711,,Iron,INIT,N,N,,,,2878014,,7:45,30,,,9/22/2025,REG,5400,ug/L,5400,,,,,,,,10/9/2025,10/14/2025,Y,10/15/2025,N,100,,,,,2735-08OCT25-LMW08,"(T)202+201(B)+210(Al)+211(Be, Li, Se, U)"
SAN-I-RW,GELC,SW-846:6010D,10/10/2025,PB,TRG,8.13,ug/L,20,W,747009003,22:16,J,1,SW-846:3005A,10/10/2025,2878016,747009,1206262711,,Lead,INIT,N,N,,,,2878014,,7:45,3.3,,,9/22/2025,REG,8.13,ug/L,8.13,,,,,,,,10/9/2025,10/14/2025,Y,10/15/2025,N,100,,,,,2735-08OCT25-LMW08,"(T)202+201(B)+210(Al)+211(Be, Li, Se, U)"
SAN-I-RW,GELC,SW-846:6020B,10/14/2025,LI,TRG,40.2,ug/L,10,W,747009003,14:01,,1,SW-846:3005A,10/10/2025,2878013,747009,1206262705,,Lithium,INIT,N,N,,,,2878010,,8:05,3,,,9/22/2025,REG,40.2,ug/L,40.2,,,,,,,,10/9/2025,10/14/2025,Y,10/15/2025,N,100,,,,,2735-08OCT25-LMW08,"(T)202+201(B)+210(Al)+211(Be, Li, Se, U)"
SAN-I-RW,GELC,SW-846:6010D,10/10/2025,MG,TRG,5530,ug/L,300,W,747009003,22:16,,1,SW-846:3005A,10/10/2025,2878016,747009,1206262711,,Magnesium,INIT,N,N,,,,2878014,,7:45,110,,,9/22/2025,REG,5530,ug/L,5530,,,,,,,,10/9/2025,10/14/2025,Y,10/15/2025,N,100,,,,,2735-08OCT25-LMW08,"(T)202+201(B)+210(Al)+211(Be, Li, Se, U)"
SAN-I-RW,GELC,SW-846:6010D,10/10/2025,MN,TRG,175,ug/L,10,W,747009003,22:16,,1,SW-846:3005A,10/10/2025,2878016,747009,1206262711,,Manganese,INIT,N,N,,,,2878014,,7:45,2,,,9/22/2025,REG,175,ug/L,175,,,,,,,,10/9/2025,10/14/2025,Y,10/15/2025,N,100,,,,,2735-08OCT25-LMW08,"(T)202+201(B)+210(Al)+211(Be, Li, Se, U)"
SAN-I-RW,GELC,SW-846:7470A,10/13/2025,HG,TRG,0.067,ug/L,0.2,W,747009003,11:26,U,1,SW-846:7470A Prep,10/10/2025,2878181,747009,1206263011,,Mercury,INIT,N,N,,,,2878179,,12:05,0.067,,,9/22/2025,REG,-0.017,ug/L,0.067,,,,,,,,10/9/2025,10/14/2025,Y,10/15/2025,N,100,,,,,2735-08OCT25-LMW08,"(T)202+201(B)+210(Al)+211(Be, Li, Se, U)"
SAN-I-RW,GELC,SW-846:6010D,10/10/2025,NI,TRG,6.27,ug/L,5,W,747009003,22:16,,1,SW-846:3005A,10/10/2025,2878016,747009,1206262711,,Nickel,INIT,N,N,,,,2878014,,7:45,1.5,,,9/22/2025,REG,6.27,ug/L,6.27,,,,,,,,10/9/2025,10/14/2025,Y,10/15/2025,N,100,,,,,2735-08OCT25-LMW08,"(T)202+201(B)+210(Al)+211(Be, Li, Se, U)"
SAN-I-RW,GELC,SW-846:6010D,10/10/2025,K,TRG,6240,ug/L,250,W,747009003,22:16,,1,SW-846:3005A,10/10/2025,2878016,747009,1206262711,,Potassium,INIT,N,N,,,,2878014,,7:45,50,,,9/22/2025,REG,6240,ug/L,6240,,,,,,,,10/9/2025,10/14/2025,Y,10/15/2025,N,100,,,,,2735-08OCT25-LMW08,"(T)202+201(B)+210(Al)+211(Be, Li, Se, U)"
SAN-I-RW,GELC,SW-846:6010D,10/10/2025,SE,TRG,6,ug/L,30,W,747009003,22:16,U,1,SW-846:3005A,10/10/2025,2878016,747009,1206262711,,Selenium,INIT,N,N,,,,2878014,,7:45,6,,,9/22/2025,REG,-3.91,ug/L,6,,,,,,,,10/9/2025,10/14/2025,Y,10/15/2025,N,100,,,,,2735-08OCT25-LMW08,"(T)202+201(B)+210(Al)+211(Be, Li, Se, U)"
SAN-I-RW,GELC,SW-846:6020B,10/14/2025,SE,TRG,1.5,ug/L,5,W,747009003,14:01,U,1,SW-846:3005A,10/10/2025,2878013,747009,1206262705,,Selenium,INIT,N,N,,,,2878010,,8:05,1.5,,,9/22/2025,REG,0.894,ug/L,1.5,,,,,,,,10/9/2025,10/14/2025,Y,10/15/2025,N,100,,,,,2735-08OCT25-LMW08,"(T)202+201(B)+210(Al)+211(Be, Li, Se, U)"
SAN-I-RW,GELC,SW-846:6010D,10/10/2025,AG,TRG,1,ug/L,5,W,747009003,22:16,U,1,SW-846:3005A,10/10/2025,2878016,747009,1206262711,,Silver,INIT,N,N,,,,2878014,,7:45,1,,,9/22/2025,REG,-0.605,ug/L,1,,,,,,,,10/9/2025,10/14/2025,Y,10/15/2025,N,100,,,,,2735-08OCT25-LMW08,"(T)202+201(B)+210(Al)+211(Be, Li, Se, U)"
SAN-I-RW,GELC,SW-846:6010D,10/10/2025,NA,TRG,18300,ug/L,300,W,747009003,22:16,,1,SW-846:3005A,10/10/2025,2878016,747009,1206262711,,Sodium,INIT,N,N,,,,2878014,,7:45,100,,,9/22/2025,REG,18300,ug/L,18300,,,,,,,,10/9/2025,10/14/2025,Y,10/15/2025,N,100,,,,,2735-08OCT25-LMW08,"(T)202+201(B)+210(Al)+211(Be, Li, Se, U)"
SAN-I-RW,GELC,SW-846:6010D,10/10/2025,TL,TRG,5,ug/L,20,W,747009003,22:16,U,1,SW-846:3005A,10/10/2025,2878016,747009,1206262711,,Thallium,INIT,N,N,,,,2878014,,7:45,5,,,9/22/2025,REG,-0.483,ug/L,5,,,,,,,,10/9/2025,10/14/2025,Y,10/15/2025,N,100,,,,,2735-08OCT25-LMW08,"(T)202+201(B)+210(Al)+211(Be, Li, Se, U)"
SAN-I-RW,GELC,SW-846:6020B,10/14/2025,U,TRG,1.69,ug/L,0.2,W,747009003,14:01,,1,SW-846:3005A,10/10/2025,2878013,747009,1206262705,,Uranium,INIT,N,N,,,,2878010,,8:05,0.067,,,9/22/2025,REG,1.69,ug/L,1.69,,,,,,,,10/9/2025,10/14/2025,Y,10/15/2025,N,100,,,,,2735-08OCT25-LMW08,"(T)202+201(B)+210(Al)+211(Be, Li, Se, U)"
SAN-I-RW,GELC,SW-846:6010D,10/10/2025,V,TRG,7.87,ug/L,5,W,747009003,22:16,,1,SW-846:3005A,10/10/2025,2878016,747009,1206262711,,Vanadium,INIT,N,N,,,,2878014,,7:45,1,,,9/22/2025,REG,7.87,ug/L,7.87,,,,,,,,10/9/2025,10/14/2025,Y,10/15/2025,N,100,,,,,2735-08OCT25-LMW08,"(T)202+201(B)+210(Al)+211(Be, Li, Se, U)"
SAN-I-RW,GELC,SW-846:6010D,10/10/2025,ZN,TRG,32.6,ug/L,20,W,747009003,22:16,,1,SW-846:3005A,10/10/2025,2878016,747009,1206262711,,Zinc,INIT,N,N,,,,2878014,,7:45,3.3,,,9/22/2025,REG,32.6,ug/L,32.6,,,,,,,,10/9/2025,10/14/2025,Y,10/15/2025,N,100,,,,,2735-08OCT25-LMW08,"(T)202+201(B)+210(Al)+211(Be, Li, Se, U)"
SAN-I-RW,GELC,SW-846:6020B,10/14/2025,AL,TRG,49.8,ug/L,50,W,747009004,14:04,J,1,SW-846:3005A,10/10/2025,2878013,747009,1206262705,,Aluminum,INIT,Y,N,,,,2878010,,8:05,19.3,,,9/22/2025,REG,49.8,ug/L,49.8,,,,,,,,10/9/2025,10/14/2025,Y,10/15/2025,N,100,,,,,2735-08OCT25-LMW08,"(D)202+201(B)+210(Al)+211(Be, Li, Se, U)"
SAN-I-RW,GELC,SW-846:6010D,10/10/2025,AL,TRG,68,ug/L,200,W,747009004,22:23,U,1,SW-846:3005A,10/10/2025,2878016,747009,1206262711,,Aluminum,INIT,Y,N,,,,2878014,,7:45,68,,,9/22/2025,REG,52.9,ug/L,68,,,,,,,,10/9/2025,10/14/2025,Y,10/15/2025,N,100,,,,,2735-08OCT25-LMW08,"(D)202+201(B)+210(Al)+211(Be, Li, Se, U)"
SAN-I-RW,GELC,SW-846:6010D,10/10/2025,SB,TRG,3.5,ug/L,20,W,747009004,22:23,U,1,SW-846:3005A,10/10/2025,2878016,747009,1206262711,,Antimony,INIT,Y,N,,,,2878014,,7:45,3.5,,,9/22/2025,REG,0.501,ug/L,3.5,,,,,,,,10/9/2025,10/14/2025,Y,10/15/2025,N,100,,,,,2735-08OCT25-LMW08,"(D)202+201(B)+210(Al)+211(Be, Li, Se, U)"
SAN-I-RW,GELC,SW-846:6010D,10/10/2025,AS,TRG,5,ug/L,30,W,747009004,22:23,U,1,SW-846:3005A,10/10/2025,2878016,747009,1206262711,,Arsenic,INIT,Y,N,,,,2878014,,7:45,5,,,9/22/2025,REG,1.45,ug/L,5,,,,,,,,10/9/2025,10/14/2025,Y,10/15/2025,N,100,,,,,2735-08OCT25-LMW08,"(D)202+201(B)+210(Al)+211(Be, Li, Se, U)"
SAN-I-RW,GELC,SW-846:6010D,10/10/2025,BA,TRG,25.6,ug/L,5,W,747009004,22:23,,1,SW-846:3005A,10/10/2025,2878016,747009,1206262711,,Barium,INIT,Y,N,,,,2878014,,7:45,1,,,9/22/2025,REG,25.6,ug/L,25.6,,,,,,,,10/9/2025,10/14/2025,Y,10/15/2025,N,100,,,,,2735-08OCT25-LMW08,"(D)202+201(B)+210(Al)+211(Be, Li, Se, U)"
SAN-I-RW,GELC,SW-846:6020B,10/14/2025,BE,TRG,0.2,ug/L,0.5,W,747009004,15:17,U,1,SW-846:3005A,10/10/2025,2878013,747009,1206262705,,Beryllium,INIT,Y,N,,,,2878010,,8:05,0.2,,,9/22/2025,REG,0.002,ug/L,0.2,,,,,,,,10/9/2025,10/14/2025,Y,10/15/2025,N,100,,,,,2735-08OCT25-LMW08,"(D)202+201(B)+210(Al)+211(Be, Li, Se, U)"
SAN-I-RW,GELC,SW-846:6010D,10/10/2025,BE,TRG,1,ug/L,5,W,747009004,22:23,U,1,SW-846:3005A,10/10/2025,2878016,747009,1206262711,,Beryllium,INIT,Y,N,,,,2878014,,7:45,1,,,9/22/2025,REG,0.0028,ug/L,1,,,,,,,,10/9/2025,10/14/2025,Y,10/15/2025,N,100,,,,,2735-08OCT25-LMW08,"(D)202+201(B)+210(Al)+211(Be, Li, Se, U)"
SAN-I-RW,GELC,SW-846:6010D,10/10/2025,B,TRG,53.3,ug/L,50,W,747009004,22:23,,1,SW-846:3005A,10/10/2025,2878016,747009,1206262711,,Boron,INIT,Y,N,,,,2878014,,7:45,15,,,9/22/2025,REG,53.3,ug/L,53.3,,,,,,,,10/9/2025,10/14/2025,Y,10/15/2025,N,100,,,,,2735-08OCT25-LMW08,"(D)202+201(B)+210(Al)+211(Be, Li, Se, U)"
SAN-I-RW,GELC,SW-846:6010D,10/10/2025,CD,TRG,1,ug/L,5,W,747009004,22:23,U,1,SW-846:3005A,10/10/2025,2878016,747009,1206262711,,Cadmium,INIT,Y,N,,,,2878014,,7:45,1,,,9/22/2025,REG,0.293,ug/L,1,,,,,,,,10/9/2025,10/14/2025,Y,10/15/2025,N,100,,,,,2735-08OCT25-LMW08,"(D)202+201(B)+210(Al)+211(Be, Li, Se, U)"
SAN-I-RW,GELC,SW-846:6010D,10/10/2025,CA,TRG,17800,ug/L,200,W,747009004,22:23,,1,SW-846:3005A,10/10/2025,2878016,747009,1206262711,,Calcium,INIT,Y,N,,,,2878014,,7:45,50,,,9/22/2025,REG,17800,ug/L,17800,,,,,,,,10/9/2025,10/14/2025,Y,10/15/2025,N,100,,,,,2735-08OCT25-LMW08,"(D)202+201(B)+210(Al)+211(Be, Li, Se, U)"
SAN-I-RW,GELC,SW-846:6010D,10/10/2025,CR,TRG,1,ug/L,10,W,747009004,22:23,U,1,SW-846:3005A,10/10/2025,2878016,747009,1206262711,,Chromium,INIT,Y,N,,,,2878014,,7:45,1,,,9/22/2025,REG,0.79,ug/L,1,,,,,,,,10/9/2025,10/14/2025,Y,10/15/2025,N,100,,,,,2735-08OCT25-LMW08,"(D)202+201(B)+210(Al)+211(Be, Li, Se, U)"
SAN-I-RW,GELC,SW-846:6010D,10/10/2025,CO,TRG,1,ug/L,5,W,747009004,22:23,U,1,SW-846:3005A,10/10/2025,2878016,747009,1206262711,,Cobalt,INIT,Y,N,,,,2878014,,7:45,1,,,9/22/2025,REG,0.47,ug/L,1,,,,,,,,10/9/2025,10/14/2025,Y,10/15/2025,N,100,,,,,2735-08OCT25-LMW08,"(D)202+201(B)+210(Al)+211(Be, Li, Se, U)"
SAN-I-RW,GELC,SW-846:6010D,10/10/2025,CU,TRG,3,ug/L,20,W,747009004,22:23,U,1,SW-846:3005A,10/10/2025,2878016,747009,1206262711,,Copper,INIT,Y,N,,,,2878014,,7:45,3,,,9/22/2025,REG,1.2,ug/L,3,,,,,,,,10/9/2025,10/14/2025,Y,10/15/2025,N,100,,,,,2735-08OCT25-LMW08,"(D)202+201(B)+210(Al)+211(Be, Li, Se, U)"
SAN-I-RW,GELC,SW-846:6010D,10/10/2025,FE,TRG,30,ug/L,100,W,747009004,22:23,U,1,SW-846:3005A,10/10/2025,2878016,747009,1206262711,,Iron,INIT,Y,N,,,,2878014,,7:45,30,,,9/22/2025,REG,29.5,ug/L,30,,,,,,,,10/9/2025,10/14/2025,Y,10/15/2025,N,100,,,,,2735-08OCT25-LMW08,"(D)202+201(B)+210(Al)+211(Be, Li, Se, U)"
SAN-I-RW,GELC,SW-846:6010D,10/10/2025,PB,TRG,3.3,ug/L,20,W,747009004,22:23,U,1,SW-846:3005A,10/10/2025,2878016,747009,1206262711,,Lead,INIT,Y,N,,,,2878014,,7:45,3.3,,,9/22/2025,REG,-1.3,ug/L,3.3,,,,,,,,10/9/2025,10/14/2025,Y,10/15/2025,N,100,,,,,2735-08OCT25-LMW08,"(D)202+201(B)+210(Al)+211(Be, Li, Se, U)"
SAN-I-RW,GELC,SW-846:6020B,10/14/2025,LI,TRG,33.2,ug/L,10,W,747009004,14:04,,1,SW-846:3005A,10/10/2025,2878013,747009,1206262705,,Lithium,INIT,Y,N,,,,2878010,,8:05,3,,,9/22/2025,REG,33.2,ug/L,33.2,,,,,,,,10/9/2025,10/14/2025,Y,10/15/2025,N,100,,,,,2735-08OCT25-LMW08,"(D)202+201(B)+210(Al)+211(Be, Li, Se, U)"
SAN-I-RW,GELC,SW-846:6010D,10/10/2025,MG,TRG,4690,ug/L,300,W,747009004,22:23,,1,SW-846:3005A,10/10/2025,2878016,747009,1206262711,,Magnesium,INIT,Y,N,,,,2878014,,7:45,110,,,9/22/2025,REG,4690,ug/L,4690,,,,,,,,10/9/2025,10/14/2025,Y,10/15/2025,N,100,,,,,2735-08OCT25-LMW08,"(D)202+201(B)+210(Al)+211(Be, Li, Se, U)"
SAN-I-RW,GELC,SW-846:6010D,10/10/2025,MN,TRG,76.3,ug/L,10,W,747009004,22:23,,1,SW-846:3005A,10/10/2025,2878016,747009,1206262711,,Manganese,INIT,Y,N,,,,2878014,,7:45,2,,,9/22/2025,REG,76.3,ug/L,76.3,,,,,,,,10/9/2025,10/14/2025,Y,10/15/2025,N,100,,,,,2735-08OCT25-LMW08,"(D)202+201(B)+210(Al)+211(Be, Li, Se, U)"
SAN-I-RW,GELC,SW-846:7470A,10/13/2025,HG,TRG,0.067,ug/L,0.2,W,747009004,11:28,U,1,SW-846:7470A Prep,10/10/2025,2878181,747009,1206263011,,Mercury,INIT,Y,N,,,,2878179,,12:05,0.067,,,9/22/2025,REG,-0.016,ug/L,0.067,,,,,,,,10/9/2025,10/14/2025,Y,10/15/2025,N,100,,,,,2735-08OCT25-LMW08,"(D)202+201(B)+210(Al)+211(Be, Li, Se, U)"
SAN-I-RW,GELC,SW-846:6010D,10/10/2025,NI,TRG,1.5,ug/L,5,W,747009004,22:23,U,1,SW-846:3005A,10/10/2025,2878016,747009,1206262711,,Nickel,INIT,Y,N,,,,2878014,,7:45,1.5,,,9/22/2025,REG,0.477,ug/L,1.5,,,,,,,,10/9/2025,10/14/2025,Y,10/15/2025,N,100,,,,,2735-08OCT25-LMW08,"(D)202+201(B)+210(Al)+211(Be, Li, Se, U)"
SAN-I-RW,GELC,SW-846:6010D,10/10/2025,K,TRG,3660,ug/L,250,W,747009004,22:23,,1,SW-846:3005A,10/10/2025,2878016,747009,1206262711,,Potassium,INIT,Y,N,,,,2878014,,7:45,50,,,9/22/2025,REG,3660,ug/L,3660,,,,,,,,10/9/2025,10/14/2025,Y,10/15/2025,N,100,,,,,2735-08OCT25-LMW08,"(D)202+201(B)+210(Al)+211(Be, Li, Se, U)"
SAN-I-RW,GELC,SW-846:6010D,10/10/2025,SE,TRG,6,ug/L,30,W,747009004,22:23,U,1,SW-846:3005A,10/10/2025,2878016,747009,1206262711,,Selenium,INIT,Y,N,,,,2878014,,7:45,6,,,9/22/2025,REG,-5.76,ug/L,6,,,,,,,,10/9/2025,10/14/2025,Y,10/15/2025,N,100,,,,,2735-08OCT25-LMW08,"(D)202+201(B)+210(Al)+211(Be, Li, Se, U)"
SAN-I-RW,GELC,SW-846:6020B,10/14/2025,SE,TRG,1.5,ug/L,5,W,747009004,14:04,U,1,SW-846:3005A,10/10/2025,2878013,747009,1206262705,,Selenium,INIT,Y,N,,,,2878010,,8:05,1.5,,,9/22/2025,REG,0.232,ug/L,1.5,,,,,,,,10/9/2025,10/14/2025,Y,10/15/2025,N,100,,,,,2735-08OCT25-LMW08,"(D)202+201(B)+210(Al)+211(Be, Li, Se, U)"
SAN-I-RW,GELC,SW-846:6010D,10/10/2025,AG,TRG,1,ug/L,5,W,747009004,22:23,U,1,SW-846:3005A,10/10/2025,2878016,747009,1206262711,,Silver,INIT,Y,N,,,,2878014,,7:45,1,,,9/22/2025,REG,-0.326,ug/L,1,,,,,,,,10/9/2025,10/14/2025,Y,10/15/2025,N,100,,,,,2735-08OCT25-LMW08,"(D)202+201(B)+210(Al)+211(Be, Li, Se, U)"
SAN-I-RW,GELC,SW-846:6010D,10/10/2025,NA,TRG,16300,ug/L,300,W,747009004,22:23,,1,SW-846:3005A,10/10/2025,2878016,747009,1206262711,,Sodium,INIT,Y,N,,,,2878014,,7:45,100,,,9/22/2025,REG,16300,ug/L,16300,,,,,,,,10/9/2025,10/14/2025,Y,10/15/2025,N,100,,,,,2735-08OCT25-LMW08,"(D)202+201(B)+210(Al)+211(Be, Li, Se, U)"
SAN-I-RW,GELC,SW-846:6010D,10/10/2025,TL,TRG,5,ug/L,20,W,747009004,22:23,U,1,SW-846:3005A,10/10/2025,2878016,747009,1206262711,,Thallium,INIT,Y,N,,,,2878014,,7:45,5,,,9/22/2025,REG,-1.18,ug/L,5,,,,,,,,10/9/2025,10/14/2025,Y,10/15/2025,N,100,,,,,2735-08OCT25-LMW08,"(D)202+201(B)+210(Al)+211(Be, Li, Se, U)"
SAN-I-RW,GELC,SW-846:6020B,10/14/2025,U,TRG,1.33,ug/L,0.2,W,747009004,14:04,,1,SW-846:3005A,10/10/2025,2878013,747009,1206262705,,Uranium,INIT,Y,N,,,,2878010,,8:05,0.067,,,9/22/2025,REG,1.33,ug/L,1.33,,,,,,,,10/9/2025,10/14/2025,Y,10/15/2025,N,100,,,,,2735-08OCT25-LMW08,"(D)202+201(B)+210(Al)+211(Be, Li, Se, U)"
SAN-I-RW,GELC,SW-846:6010D,10/10/2025,V,TRG,2.78,ug/L,5,W,747009004,22:23,J,1,SW-846:3005A,10/10/2025,2878016,747009,1206262711,,Vanadium,INIT,Y,N,,,,2878014,,7:45,1,,,9/22/2025,REG,2.78,ug/L,2.78,,,,,,,,10/9/2025,10/14/2025,Y,10/15/2025,N,100,,,,,2735-08OCT25-LMW08,"(D)202+201(B)+210(Al)+211(Be, Li, Se, U)"
SAN-I-RW,GELC,SW-846:6010D,10/10/2025,ZN,TRG,4.49,ug/L,20,W,747009004,22:23,J,1,SW-846:3005A,10/10/2025,2878016,747009,1206262711,,Zinc,INIT,Y,N,,,,2878014,,7:45,3.3,,,9/22/2025,REG,4.49,ug/L,4.49,,,,,,,,10/9/2025,10/14/2025,Y,10/15/2025,N,100,,,,,2735-08OCT25-LMW08,"(D)202+201(B)+210(Al)+211(Be, Li, Se, U)"
SAN-I-PW,GELC,SW-846:6850,10/10/2025,CLO4,TRG,0.319,ug/L,0.2,W,747009001,16:54,,1,SW-846:6850,10/10/2025,2878593,747009,1206263819,,Perchlorate,INIT,N,N,,,,2878592,,12:56,0.05,,,9/23/2025,REG,0.319,ug/L,0.319,,,,,,,,10/9/2025,10/14/2025,Y,10/15/2025,N,100,,,,,2735-08OCT25-LMW08,565 - Perchlorate by LC/MS
SAN-I-RW,GELC,SW-846:6850,10/10/2025,CLO4,TRG,0.304,ug/L,0.2,W,747009003,17:04,,1,SW-846:6850,10/10/2025,2878593,747009,1206263819,,Perchlorate,INIT,N,N,,,,2878592,,12:56,0.05,,,9/22/2025,REG,0.304,ug/L,0.304,,,,,,,,10/9/2025,10/14/2025,Y,10/15/2025,N,100,,,,,2735-08OCT25-LMW08,565 - Perchlorate by LC/MS
SAN-I-PW,GELC,EPA:170.0,10/9/2025,TEMP,TRG,2,Deg C,,W,747009001,,,,,,,747009,,,Temperature,INIT,N,,,,,,,,,,,9/23/2025,REG,,,,,,,,,,,10/9/2025,10/14/2025,Y,10/15/2025,,,,,,,2735-08OCT25-LMW08,
SAN-I-PW,GELC,EPA:170.0,10/9/2025,TEMP,TRG,2,Deg C,,W,747009002,,,,,,,747009,,,Temperature,INIT,Y,,,,,,,,,,,9/23/2025,REG,,,,,,,,,,,10/9/2025,10/14/2025,Y,10/15/2025,,,,,,,2735-08OCT25-LMW08,
SAN-I-RW,GELC,EPA:170.0,10/9/2025,TEMP,TRG,2,Deg C,,W,747009003,,,,,,,747009,,,Temperature,INIT,N,,,,,,,,,,,9/22/2025,REG,,,,,,,,,,,10/9/2025,10/14/2025,Y,10/15/2025,,,,,,,2735-08OCT25-LMW08,
SAN-I-RW,GELC,EPA:170.0,10/9/2025,TEMP,TRG,2,Deg C,,W,747009004,,,,,,,747009,,,Temperature,INIT,Y,,,,,,,,,,,9/22/2025,REG,,,,,,,,,,,10/9/2025,10/14/2025,Y,10/15/2025,,,,,,,2735-08OCT25-LMW08,
